Title,Summary,Link
Phase III Study Assessing the Efficacy and Safety of Pegcetacoplan in Patients With C3 Glomerulopathy or Immune-Complex Membranoproliferative Glomerulonephritis,This is a Phase 3 study to assess the efficacy and safety of twice-weekly subcutaneous (SC) doses of pegcetacoplan compared to placebo in patients with C3 glomerulopathy (C3G) or immune-complex membranoproliferative glomerulonephritis (IC-MPGN) on the basis of a reduction in proteinuria.,https://clinicaltrials.gov/study/NCT05067127
ALTTO (Adjuvant Lapatinib And/Or Trastuzumab Treatment Optimisation) Study; BIG 2-06/N063D,"This was a four-arm (parallel group) randomized, open-label, multicenter Phase 3 study to investigate the use of a combination of Lapatinib and Trastuzumab, a sequence of Trastuzumab followed by Lapatinib, and Lapatinib alone, compared to Trastuzumab alone in the adjuvant treatment of Human Epidermal Growth Factor Receptor 2 (HER2) positive early breast cancer.",https://clinicaltrials.gov/study/NCT00490139
Participant Preference of Subcutaneous (SC) Versus Intravenous (IV) Herceptin (Trastuzumab) in Human Epidermal Growth Factor Receptor (HER) 2-Positive Early Breast Cancer,"This randomized, open-label, crossover study will evaluate participants' preference and healthcare professional (HCP) satisfaction with SC versus IV Herceptin administration in HER2-positive early breast cancer. Participants will be randomized to receive either SC Herceptin or IV Herceptin every 3 weeks for Cycles 1 to 4, followed by crossover to the other treatment administration for Cycles 5 to 8. For up to 10 additional cycles (for a total of 18 cycles), participants will receive IV or SC Herceptin every 3 weeks.",https://clinicaltrials.gov/study/NCT01401166
"DESTINY-Endometrial01: A Phase III Study of Trastuzumab Deruxtecan Plus Rilvegostomig or Pembrolizumab as First-Line Treatment of HER2-Expressing (IHC 3+/2+), Mismatch Repair Proficient (pMMR) Endometrial Cancer","DESTINY-Endometrial01 will investigate the efficacy of first-line T-DXd + rilvegostomig (Arm A) and/or T-DXd+ pembrolizumab (Arm B) when compared to chemotherapy (carboplatin + paclitaxel) + pembrolizumab (Arm C), by assessment of progression free survival (PFS), as assessed by BICR, in participants with HER2-expressing (IHC 3+/2+), pMMR, primary advanced (Stage III/IV) or recurrent EC.",https://clinicaltrials.gov/study/NCT06989112
A Study of Pertuzumab in Combination With Trastuzumab and Chemotherapy in Participants With Human Epidermal Growth Factor Receptor 2 (HER2)-Positive Metastatic Gastroesophageal Junction or Gastric Cancer,"This double-blind, placebo-controlled, randomized, multicenter, international, parallel arm study will evaluate the efficacy and safety of pertuzumab in combination with trastuzumab, fluoropyrimidine and cisplatin as first-line treatment in participants with HER2-positive metastatic gastroesophageal junction (GEJ) or gastric cancer (GC). Participants will be randomized to receive pertuzumab 840 milligrams (mg) or placebo intravenously every 3 weeks (q3w) in combination with trastuzumab (initial dose of 8 milligrams per kilogram \[mg/kg\] intravenously \[IV\] followed by 6 mg/kg IV q3w) and cisplatin and fluoropyrimidine (capecitabine or 5-fluorouracil) for the first 6 treatment cycles. Participants will continue to receive pertuzumab or placebo and trastuzumab until disease progression occurrence of unacceptable toxicity or withdrawal from the study for another reason.",https://clinicaltrials.gov/study/NCT01774786
A Global Phase III Study of Rilvegostomig or Pembrolizumab Monotherapy for First-Line Treatment of PD-L1-high Metastatic Non-small Cell Lung Cancer,The purpose of ARTEMIDE-Lung04 is to assess the efficacy and safety of rilvegostomig compared with pembrolizumab monotherapy as 1L treatment in participants with mNSCLC and whose tumors express PD-L1.,https://clinicaltrials.gov/study/NCT06868277
"A Study of Rapcabtagene Autoleucel in Systemic Lupus Erythematosus (SLE) Patients With Active, Refractory Lupus Nephritis (LN)","The purpose of this study is to evaluate the efficacy and safety of rapcabtagene autoleucel (administered once following lymphodepletion) versus Standard of Care (SOC) in patients with systemic lupus erythematosus (SLE) with active, refractory lupus nephritis (LN).",https://clinicaltrials.gov/study/NCT06581198
"Pre- and Postoperative Use of ZD1839 (Iressa) in Recurrent Glioblastoma, Including Translational Research","This study aims to determine effectiveness of Gefitinib (Iressa) in recurrent glioblastoma after standard treatment (surgery, radiationtherapy and at least a first line chemotherapy). Gefitinib is a specific inhibitor of the epidermal growth factor receptor (EGFR). EGFR is elevated in more than 50% of malignant gliomas. At recurrence, secondary surgery and pre- and postoperative Gefitinib is offered to patients in good performance status. Clinical outcome of patients and correlation to translational research will be evaluated.",https://clinicaltrials.gov/study/NCT00250887
Study of Radium-223 Dichloride Versus Placebo and Hormonal Treatment as Background Therapy in Subjects With Bone Predominant HER2 (Human Epidermal Growth Factor Receptor 2) Negative Hormone Receptor Positive Metastatic Breast Cancer,The objective of this study was to assess efficacy and safety of radium-223 dichloride in subjects with human epidermal growth factor receptor 2 negative (HER2 negative) hormone receptor positive breast cancer with bone metastases treated with hormonal treatment background therapy,https://clinicaltrials.gov/study/NCT02258464
Study of PF-07220060 With Letrozole in Adults With HR-positive HER2-negative Breast Cancer Who Have Not Received Anticancer Treatment for Advanced/Metastatic Disease,"The purpose of this study is to determine the safety and efficacy of PF-07220060 with letrozole compared to approved treatments (ie, palbociclib, ribociclib or abemaciclib with letrozole) in people with breast cancer:

* HR-positive (breast cancer cells that need estrogen or progesterone to grow)
* HER2-negative (cells that have a small amount or none of a protein called HER2 on their surface);
* locally advanced (that has spread from where it started to nearby tissue or lymph nodes) or metastatic disease (the spread of cancer to other places in the body)
* who have not received any prior systemic anti-cancer treatment for advanced/metastatic disease.

Approximately half of the participants will receive PF-07220060 plus letrozole while the other half of participants will receive the investigator's choice of treatment plus letrozole.

The study team will monitor how each participant is doing with the study treatment during regular visits at the study clinic.",https://clinicaltrials.gov/study/NCT06760637
Phase III Study of Rindopepimut/GM-CSF in Patients With Newly Diagnosed Glioblastoma,"This 2-arm, randomized, phase III study will investigate the efficacy and safety of the addition of rindopepimut (an experimental cancer vaccine that may act to promote anti-cancer effects in patients who have tumors that express the EGFRvIII protein) to the current standard of care (temozolomide) in patients with recently diagnosed glioblastoma, a type of brain cancer.

All patients will be administered temozolomide, the standard treatment for glioblastoma. Half the patients will be randomly assigned to receive rindopepimut and half the patients will be randomly assigned to receive a control called keyhole limpet hemocyanin.

Patients will be treated in a blinded fashion (neither the patient or the doctor will know which arm of the study the patient is on). Patients will be treated until disease progression or intolerance to therapy and all patients will be followed for survival.",https://clinicaltrials.gov/study/NCT01480479
"A Study of Trastuzumab Emtansine in Participants With Human Epidermal Growth Factor Receptor (HER)2 Immunohistochemistry (IHC)-Positive, Locally Advanced or Metastatic Non-Small Cell Lung Cancer (NSCLC)","This is a Phase 2, multicenter study designed to evaluate the efficacy and safety of trastuzumab emtansine administered as a single-agent in participants with HER2-positive (HER2 IHC 2+ or HER2 IHC 3+) advanced or metastatic NSCLC. Participants will be treated with trastuzumab emtansine administered intravenously at a dose of 3.6 milligrams per kilogram (mg/kg) on Day 1 of 21-day cycles until disease progression (as assessed by the investigator), unmanageable toxicity, or study termination by the Sponsor, whichever occurs first.",https://clinicaltrials.gov/study/NCT02289833
A Trial of Felzartamab in Kidney Transplant Recipients With Late Antibody-Mediated Rejection (AMR),The main goal of this trial is to evaluate the efficacy of felzartamab compared to placebo in kidney transplant recipients diagnosed with late active or chronic active AMR.,https://clinicaltrials.gov/study/NCT06685757
"A Study Evaluating the Safety, Tolerability, Pharmacokinetics, and Efficacy of TT125-802 in Subjects With Advanced Solid Tumors",The purpose of this study is to test the safety and therapeutic effect of TT125-802 (single agent) in subjects with advanced solid tumors.,https://clinicaltrials.gov/study/NCT06403436
Neoadjuvant Study Using Trastuzumab or Trastuzumab With Pertuzumab in Gastric or Gastroesophageal Junction Adenocarcinoma,The purpose of this study is to find out whether either trastuzumab or the combination of trastuzumab and pertuzumab with standard chemotherapy shows more activity against gastro-oesophageal adenocarcinoma than standard chemotherapy given before and after surgery and it can be safely administered.,https://clinicaltrials.gov/study/NCT02205047
"Study of Irinotecan and Cetuximab Versus Irinotecan as Second-Line Treatment in Patients With Metastatic, EGFR-Positive Colorectal Cancer","The purpose of this study is to determine whether overall survival is prolonged in subjects with metastatic, epidermal growth factor receptor (EGFR)-positive colorectal cancer treated with cetuximab in combination with irinotecan compared with irinotecan alone as second-line therapy following treatment with a fluoropyrimidine and oxaliplatin based, non-irinotecan-containing regimen.",https://clinicaltrials.gov/study/NCT00063141
Establishing the Safety and Efficacy of Reloxaliase in Patients With Enteric Hyperoxaluria,"The purpose of this study is to determine the efficacy, durability and long-term safety of reloxaliase in patients with enteric hyperoxaluria.",https://clinicaltrials.gov/study/NCT03847090
Preserve-Transplant Study,"The aim of this study is to test if alkali treatment will preserve kidney graft function and diminish the progression of chronic kidney disease in renal transplant patients. Additionally the underlying mechanisms of nephrotoxicity of metabolic acidosis will be investigated in this cohort.

This study is a multi-center, prospective, randomized, single-blind (patient), placebo-controlled interventional trial to test the superiority of alkali treatment in comparison to placebo on preservation of kidney function in 300 kidney transplant recipients. The duration of the study will be 2 years for the individual participant. The patients will be randomized into 2 arms: intervention arm (sodium hydrogen carbonate, product: Nephrotrans®) and placebo arm (placebo comparator).

Several studies in CKD (chronic kidney disease) patients have shown that alkali therapy slows progression of CKD.",https://clinicaltrials.gov/study/NCT03102996
Study of the Safety and Efficacy of PRX-102 Compared to Agalsidase Beta on Renal Function,"This was a randomized, double-blind, active control study of the enzyme replacement therapy (ERT) drug PRX-102 (pegunigalsidase alfa) in Fabry disease patients with impaired renal function. Patients who had been treated for approximately 1 year with agalsidase beta and who had been on a stable dose of that product for at least 6 months were randomized in a 2:1 ratio to either switch to PRX-102 or to continue treatment with agalsidase beta. Both treatments were delivered by intravenous infusions every two weeks, at a dosage of 1 mg/kg.",https://clinicaltrials.gov/study/NCT02795676
"Study of Efficacy and Safety in Premenopausal Women With Hormone Receptor Positive, HER2-negative Advanced Breast Cancer","The purpose of this study was to determine whether treatment with tamoxifen or a non-steroidal aromatase inhibitors (NSAI) + goserelin + LEE011 prolonged progression-free survival (PFS) compared to treatment with tamoxifen or a NSAI + goserelin + placebo in premenopausal women with hormone receptor positive (HR+), human epidermal growth factor receptor 2 negative (HER2-) advanced breast cancer.",https://clinicaltrials.gov/study/NCT02278120
PALbociclib CoLlaborative Adjuvant Study,"This is a prospective, two arm, international, multicenter, randomized, open-label Phase III study evaluating the addition of 2 years of palbociclib to standard adjuvant endocrine therapy for patients with HR+ / HER2- early breast cancer (EBC).

The purpose of the PALLAS study is to determine whether the addition of palbociclib to adjuvant endocrine therapy will improve outcomes over endocrine therapy alone for HR+/HER2- early breast cancer. Assessment of a variety of correlative analysis, including evaluation of the effect of palbociclib in genomically defined tumor subgroups, is planned.",https://clinicaltrials.gov/study/NCT02513394
Changes in Myocardial Iron After Iron Administration,"Recent studies have shown that treatment with intravenous iron in patients with iron deficiency (ID) and heart failure with reduced ejection fraction (HFrEF) improves symptomatology, functional capacity, quality of life, and decreases hospitalizations regardless of anemia. In addition, a decrease in myocardial iron content has been observed in patients with chronic HFrEF. This preliminary evidence has led to postulate that myocardial iron deficiency could play a direct role in the pathogenesis and progression of the disease.

The investigators hypothesize that the repletion of myocardial iron would explain part of the benefit of this treatment. Thus, the investigators postulate that cardiac magnetic resonance (CMR) (T2\* and T1-mapping sequences) will be sensible enough to detect changes in myocardial iron content as a result of intravenous iron administration, and that such changes will correlate with simultaneous changes in parameters of heart failure severity.

In this double-blind 1:1 randomized study controlled by placebo the investigators aim to determine the changes in myocardial iron content after treatment with intravenous ferric carboxymaltose (FCM) by CMR at 7 and 30 days in patients with stable HFrEF and ID.",https://clinicaltrials.gov/study/NCT03398681
"A Study Evaluating the Efficacy and Safety of Adjuvant Giredestrant Compared With Physician's Choice of Adjuvant Endocrine Monotherapy in Participants With Estrogen Receptor-Positive, HER2-Negative Early Breast Cancer (lidERA Breast Cancer)","This is a Phase III, global, randomized, open-label, multicenter, study evaluating the efficacy and safety of adjuvant giredestrant compared with endocrine therapy of physician's choice in participants with medium- and high-risk Stage I-III histologically confirmed estrogen receptor (ER)-positive and human epidermal growth factor receptor 2 (HER2)-negative early breast cancer.

In addition, an open-label exploratory substudy will explore the safety and efficacy of giredestrant in combination with abemaciclib in a subset of the primary study population.",https://clinicaltrials.gov/study/NCT04961996
Efficacy and Safety of Finerenone in Subjects With Type 2 Diabetes Mellitus and the Clinical Diagnosis of Diabetic Kidney Disease,"The purpose of this study was to evaluate whether oral finerenone (study drug), in addition to standard daily therapy, is effective and safe in treating patients with type 2 diabetes mellitus and diabetic kidney disease, when compared to a placebo.",https://clinicaltrials.gov/study/NCT02545049
A Study of Abemaciclib (LY2835219) Combined With Fulvestrant in Women With Hormone Receptor Positive HER2 Negative Breast Cancer,"The main purpose of this study is to compare progression-free survival for women with hormone receptor positive (HR+), human epidermal growth factor receptor (HER2) negative advanced breast cancer receiving either abemaciclib + fulvestrant or fulvestrant alone. Participants will be randomized to abemaciclib or placebo in a 2:1 ratio. The study will last about 9 months for each participant.

For the endocrine naïve cohort, all participants will received abemaciclib + fulvestrant.",https://clinicaltrials.gov/study/NCT02107703
Phase 2 Study Evaluating Rapcabtagene Autoleucel in Participants With Severe Active GPA or MPA,The purpose of this study is to evaluate the efficacy and safety of rapcabtagene autoleucel versus comparator in participants with severe active Granulomatosis with Polyangiitis (GPA) or Microscopic Polyangiitis (MPA),https://clinicaltrials.gov/study/NCT06868290
Renal Artery DenervatIon Using Radial accesS in Uncontrolled HyperTensioN,"Non-inferiority, prospective, multi-center, international, post-market, randomized (1:1) clinical trial in patients with uncontrolled hypertension to compare the safety and efficacy of radio frequency renal denervation using Iberis Renal Denervation System via radial access compared with femoral access.",https://clinicaltrials.gov/study/NCT05234788
Assessment of Oncological and Functional Outcomes After Robot Assisted Partial Nephrectomy Versus Laparoscopic Partial Nephrectomy,"Currently, partial nephrectomy (PN) is considered as the gold standard treatment modality for small renal masses. In this setting, robot-assisted and conventional laparoscopic approaches are gaining more consensus every day. However, until now, no superiority of one technique over the other has yet been demonstrated, especially on postoperative function recovery.

This study compares oncological and functional outcomes after laparoscopic partial nephrectomy versus robot assisted partial nephrectomy.",https://clinicaltrials.gov/study/NCT02924922
"Study of Safety, Efficacy and Tolerability of Secukinumab Versus Placebo, in Combination With SoC Therapy, in Patients With Active Lupus Nephritis","This was a pivotal, randomized, double-blind, placebo-controlled trial evaluating at Week 52 the efficacy and safety of secukinumab versus placebo in patients with active lupus nephritis (ISN/RPS Class III or IV, with or without co-existing class V features) also receiving background standard of care therapy (SoC).",https://clinicaltrials.gov/study/NCT04181762
Study of Cisplatin/Vinorelbine +/- Cetuximab as First-line Treatment of Advanced Non Small Cell Lung Cancer (FLEX),The purpose of this trial is to investigate the efficacy of cetuximab in combination with chemotherapy in comparison to chemotherapy alone in patients with advanced non small cell lung cancer who did not received prior chemotherapy. Overall survival will be taken as primary measure of efficacy.,https://clinicaltrials.gov/study/NCT00148798
Maridebart Cafraglutide in Heart Failure With Preserved or Mildly Reduced Ejection Fraction and Obesity,"This study will examine if maridebart cafraglutide as an adjunct to standard of care will lead to a reduction in heart failure (HF) events such as HF hospitalizations and urgent HF visits, cardiovascular (CV) deaths and improvement in HF symptoms in participants with HF with preserved ejection fraction (HFpEF) and HF with mildly reduced ejection fraction (HFmrEF) who are obese. This is a phase 3, global, multicenter, 2-part study with a double-blind period and an open-label extension (OLE). The study is event-driven, and Part 1 will conclude when approximately 850 primary endpoint events have occurred.",https://clinicaltrials.gov/study/NCT07037459
Study of the Effectiveness and Clinical Practice Use of Glecaprevir Plus Pibrentasvir in Patients With Chronic Hepatitis C Genotypes 1 to 6,"The interferon- and ribavirin- (RBV) free combination regimen of glecaprevir plus pibrentasvir (GLE/PIB) for the treatment of genotypes 1 to 6 of chronic hepatitis C (CHC) viral infection has been shown to be safe and effective in randomized controlled clinical trials.

This observational study is an effectiveness research examining the regimen of GLE/PIB, used according to local label, under real world conditions in a clinical practice patient population.",https://clinicaltrials.gov/study/NCT03303599
CAROLINA: Cardiovascular Outcome Study of Linagliptin Versus Glimepiride in Patients With Type 2 Diabetes,"The aim of the study is to investigate the longterm impact on cardiovascular morbidity and mortality, relevant efficacy parameters (e.g., glycaemic parameters) and safety (e.g., weight and hypoglycaemia) of treatment with linagliptin in patients with type 2 diabetes at elevated cardiovascular risk receiving usual care, and compare outcome against glimepiride.",https://clinicaltrials.gov/study/NCT01243424
Phase III Open Label First Line Therapy Study of MEDI 4736 (Durvalumab) With or Without Tremelimumab Versus SOC in Non Small-Cell Lung Cancer (NSCLC),"This is a randomized, open-label, multi-center, global, Phase III study to determine the efficacy and safety of MEDI4736 + tremelimumab combination therapy and MEDI4736 monotherapy versus platinum-based SoC chemotherapy in the first-line treatment of patients with epidermal growth factor receptor (EGFR) and anaplastic lymphoma kinase (ALK) wild-type locally advanced or metastatic NSCLC",https://clinicaltrials.gov/study/NCT02453282
Impact of the SGLT2 Inhibitor Empagliflozin on Urinary Supersaturations in Kidney Stone Formers,"The aim of this study is to test the effect of a new drug on the composition of the urine in kidney stone patients. This new drug (Jardiance®, substance: empagliflozin) is currently approved in Switzerland for the treatment of patients with diabetes. Data from previous studies with and without diabetes suggest that it may have a beneficial effect on the composition of the urine and thereby reduce the risk of developing kidney stones.",https://clinicaltrials.gov/study/NCT04911660
TAF for HIV-HBV With Renal Dysfunction,"The investigators aim at describing changes in renal glomerular and tubular function with after the switch from TDF to TAF in HIV/HBV-coinfected patients with mild to moderate renal dysfunction and to assess the virological efficacy of TAF on HBV infection.

The study will include HIV/HBV-coinfected participants of the Swiss HIV Cohort Study (SHCS) who are under active care and have been on a stable, TDF-containing ART regimen for at least 6 months. Only patients with an estimated glomerular filtration rate (GFR) between 30 ml/min and 90 ml/min will be included. All individuals who agree to participate will be switched from a TDF-containing ART regimen to a TAF-containing triple ART regimen at week 0 and will be followed for 48 weeks after the treatment change.",https://clinicaltrials.gov/study/NCT03115736
Capecitabine and Oxaliplatin With or Without Cetuximab in Treating Patients With Metastatic Colorectal Cancer That Cannot Be Removed By Surgery,"RATIONALE: Drugs used in chemotherapy, such as capecitabine and oxaliplatin, work in different ways to stop the growth of tumor cells, either by killing the cells or by stopping them from dividing. Giving more than one drug (combination chemotherapy) may kill more tumor cells. Monoclonal antibodies, such as cetuximab, can block tumor growth in different ways. Some block the ability of tumor cells to grow and spread. Others find tumor cells and help kill them or carry tumor-killing substances to them. Cetuximab may also stop the growth of tumor cells by blocking some of the enzymes needed for cell growth. It is not yet known whether giving capecitabine and oxaliplatin together with cetuximab is more effective than capecitabine and oxaliplatin in treating colorectal cancer.

PURPOSE: This randomized phase II trial is studying how well giving capecitabine and oxaliplatin together with cetuximab works compared to capecitabine and oxaliplatin in treating patients with metastatic colorectal cancer that cannot be removed by surgery.",https://clinicaltrials.gov/study/NCT00227734
"Study of Efficacy, Safety, Tolerability, Pharmacokinetic (PK) and Pharmacodynamic (PD) of an Anti-CD40 Monoclonal Antibody, CFZ533, in Kidney Transplant Recipients","The purpose of this study is to investigate the safety, efficacy, pharmacokinetics (PK) and pharmacodynamics (PD) of three CFZ533 dose regimens in kidney transplant recipients.

This study will allow assessment of the ability of CFZ533 to replace Calcineurin inhibitors (CNIs) in terms of anti-rejection efficacy, while providing better renal function with a better safety and tolerability profile. Results of this study will be used to inform the CFZ533 dose and regimen selection for investigation in later phases of clinical development.",https://clinicaltrials.gov/study/NCT03663335
A Safety and Tolerability Study of Assisted and Self-Administered Subcutaneous (SC) Herceptin (Trastuzumab) as Adjuvant Therapy in Early Human Epidermal Growth Factor Receptor 2 (HER2)-Positive Breast Cancer,"This multicenter, two-cohort, non-randomized, open-label study will evaluate the safety and tolerability of assisted and self-administered SC Herceptin as adjuvant therapy in participants with early HER2-positive breast cancer following tumor excision. Participants will receive Herceptin 600 milligrams (mg) SC every 3 weeks for 18 cycles, either by an assisted administration using a conventional syringe and needle/vial formulation (Cohort A) or with assisted and self-administration using a single-use injection device (SID) in selected participants (Cohort B).",https://clinicaltrials.gov/study/NCT01566721
A Study of Trastuzumab Emtansine (T-DM1) Plus Pertuzumab/Pertuzumab Placebo Versus Trastuzumab [Herceptin] Plus a Taxane in Participants With Metastatic Breast Cancer (MARIANNE),"This randomized, 3-arm, multicenter, phase III study will evaluate the efficacy and safety of trastuzumab emtansine (T-DM1) with pertuzumab or trastuzumab emtansine (T-DM1) with pertuzumab-placebo (blinded for pertuzumab), versus the combination of trastuzumab (Herceptin) plus taxane (docetaxel or paclitaxel) in participants with HER2-positive progressive or recurrent locally advanced or previously untreated metastatic breast cancer. Participants will be randomized to 1 of 3 treatment arms (Arms A, B or C). Arm A will be open-label, whereas Arms B and C will be blinded.",https://clinicaltrials.gov/study/NCT01120184
International Alfapump Cohort Study,"This Registry is designed to follow patients who have been implanted with an alfapump system, which is a newly marketed product from Sequana Medical AG, a Swiss Medical Device company.",https://clinicaltrials.gov/study/NCT04326946
Osimertinib and Bevacizumab Versus Osimertinib Alone as Second-line Treatment in Stage IIIb-IVb NSCLC With Confirmed EGFRm and T790M (BOOSTER),"BOOSTER is a randomised, controlled, phase II trial comparing osimertinib and bevacizumab versus osimertinib alone as second-line treatment in patients with stage IIIb-IVb non-small cell lung carcinoma (NSCLC) harbouring activating EGFR (exon 19 deletion or L858R) and T790M resistance mutation.",https://clinicaltrials.gov/study/NCT03133546
"An Observational Study of Patients Receiving T-DXd for Treatment of HER2+, and HER2-low Unresectable and/or Metastatic Breast Cancer",This study will collect real-world clinical and patient reported outcomes (PRO) and diary data from eligible patients with documented Human Epidermal Growth Factor Receptor 2 (HER2+) \[globally\] or HER2-low \[North America only\] in routine clinical practice.,https://clinicaltrials.gov/study/NCT05592483
"LGX818 and MEK162 in Combination With a Third Agent (BKM120, LEE011, BGJ398 or INC280) in Advanced BRAF Melanoma","The primary purpose of this study is to assess the anti-tumor activity of LGX818/MEK162 in combination with targeted agents after progression on LGX818/MEK162 combination therapy, as well as the safety and tolerability of the novel triple combinations.",https://clinicaltrials.gov/study/NCT02159066
Atezolizumab Trial in Endometrial Cancer - AtTEnd,"Atezolizumab is an engineered humanised monoclonal immunoglobulin G1 antibody that binds selectively to PD-L1 and prevents its interaction with PD-1 and B7-1.

In May 2016 atezolizumab was approved by the FDA for patients with locally advanced or metastatic urothelial carcinoma who have disease progression during or following any platinum-containing chemotherapy, or within 12 months of receiving chemotherapy before surgery (neoadjuvant) or after surgery (adjuvant); in October 2016 it was approved by the FDA for patients with metastatic non-small cell lung cancer (NSCLC) who have disease progression during or following platinum-containing chemotherapy, and have progressed on an appropriate FDA-approved targeted therapy if their tumor has EGFR or ALK gene abnormalities. Finally, in April 2017 atezolizumab was granted accelerated approval by FDA for the first-line treatment of patients with locally advanced or metastatic urothelial carcinoma who are not eligible for cisplatin chemotherapy. Combinations of atezolizumab with chemotherapeutic agents and/or targeted therapies were studied in different solid tumors such as melanoma, NSCLC, renal cell carcinoma and colorectal carcinoma. From these studies the AE profile of atezolizumab combinations were consistent with that of the individual agents.

Finally, preliminary results of a Phase Ia study of Atezolizumab (NCT01375842) monotherapy in relapsed endometrial cancer were reported as abstract at ASCO 2017. Fifteen patients were evaluated for safety and efficacy with a minimum follow-up of 11.2 months. No G4-5 related AEs occurred. Regarding efficacy ORR was 13% \[2/15\] by RECIST. Atezolizumab seemed to have a favorable safety profile, with durable clinical benefit in some patients. Further studies with atezolizumab are warranted given its promising results in advanced endometrial cancer and the limited efficacy of current treatment options.",https://clinicaltrials.gov/study/NCT03603184
"Bevacizumab, Pemetrexed Disodium, and Cisplatin or Erlotinib Hydrochloride and Bevacizumab in Treating Patients With Stage IV Non-Small Cell Lung Cancer. A Multicenter Phase II Trial Including Biopsy at Progression (BIO-PRO Trial).","RATIONALE: Monoclonal antibodies, such as bevacizumab, can block tumor growth in different ways. Some block the ability of tumor cells to grow and spread. Others find tumor cells and help kill them or carry tumor-killing substances to them. Drugs used in chemotherapy, such as pemetrexed disodium and cisplatin, work in different ways to stop the growth of tumor cells, either by killing the cells or by stopping them from dividing. Erlotinib hydrochloride may stop the growth of tumor cells by blocking some of the enzymes needed for cell growth. It is not yet known whether bevacizumab given together with pemetrexed disodium and cisplatin is more effective than erlotinib hydrochloride given together with bevacizumab in treating patients with non-small cell lung cancer.

PURPOSE: This phase II trial is studying giving bevacizumab together with pemetrexed disodium and cisplatin to see how well it works compared with giving erlotinib hydrochloride together with bevacizumab in treating patients with stage IV non-small cell lung cancer.",https://clinicaltrials.gov/study/NCT01116219
A Study to Evaluate Lumasiran in Children and Adults With Primary Hyperoxaluria Type 1,The purpose of this study is to evaluate the efficacy and safety of lumasiran in children and adults with primary hyperoxaluria type 1 (PH1).,https://clinicaltrials.gov/study/NCT03681184
A Physiological Study on Downregulation of EGF-receptors in the Skin by Topical Exposition With EGF,Investigation of EGF-Receptor Downregulation by topical EGF (dermal cream) exposition.,https://clinicaltrials.gov/study/NCT01566578
EuroNetrod HTN OFF-Med Study of Renal Denervation With NetrodTM Six-electrode Radiofrequency RDN System,"This randomized controlled investigation aims to evaluate the efficacy and safety of the Netrod™ RDN system in patients with uncontrolled primary hypertension in the absence of antihypertensive medication, comparing the outcomes between renal denervation, sham procedure, and open-label control groups.",https://clinicaltrials.gov/study/NCT06722651
Study to Investigate the Efficacy of Panitumumab in Platinum-resistant Advanced Head and Neck Squamous Cancer,"Phase II, multicenter, open labelled, uncontrolled study to evaluate the efficacy and safety profile of panitumumab in patients affected by Head and Neck cancer after at least one cisplatin or carboplatin-based chemotherapy. A translational research study is also planned to evaluate Estimated Glomerular Filtration Rate (EGFR) status by FISH, KRAS, B-RAF, HRAS, NRAS and PIK3CA mutation by DNA sequencing, PTEN protein expression by immunohistochemistry, and Human Papilloma Virus (HPV) genotyping by reverse hybridization.

Panitumumab is administered iv on days 1 and 15 of a 28 days cycle, until progressive disease, unacceptable toxicity, pregnancy, or patient's refusal",https://clinicaltrials.gov/study/NCT02643056
Personalized DC Vaccines in Non Small Cell Lung Cancer,"Phase Ib clinical trial using autologous dendritric cell (DC) vaccine loaded with personalized peptides (PEP) given in combination with low-dose cyclophosphamide, as standard of care (SOC) therapy in patients with advanced or recurrent metastatic NSCLC.",https://clinicaltrials.gov/study/NCT05195619
AZD9291 Versus Gefitinib or Erlotinib in Patients With Locally Advanced or Metastatic Non-small Cell Lung Cancer,To assess the efficacy and safety of AZD9291 versus a standard of care epidermal growth factor receptor tyrosine kinase inhibitor in patients with locally advanced or Metastatic Non Small Cell Lung Cancer,https://clinicaltrials.gov/study/NCT02296125
Immunotherapy or Targeted Therapy With or Without Stereotactic Radiosurgery for Patients With Brain Metastases From Melanoma or Non-small Cell Lung Cancer,The primary objective of the study is to assess the efficacy in terms of CNS-specific PFS of the combination of standard systemic treatment plus SRS vs. standard systemic treatment alone in patients with newly diagnosed and untreated (except for surgery) asymptomatic or oligosymptomatic brain metastases from melanoma or NSCLC. This proposed randomised phase III clinical study addresses one of the most controversial issues in the current approach to patients with brain mets: the timing of SRS in patients eligible for systemic immune checkpoint inhibition or targeted therapy in order to guide therapeutic options as to what strategy allows the best compromise between best survival and best QoL.,https://clinicaltrials.gov/study/NCT05522660
"Matuzumab Treatment With Epirubicin, Cisplatin and Capecitabine (ECX) in Esophago-Gastric Cancer","The purpose of this study is to compare the effectiveness and safety of experimental treatment matuzumab and ECX chemotherapy, with ECX chemotherapy. Participants invited to take part have metastatic cancer of the esophagus (gullet) or stomach.",https://clinicaltrials.gov/study/NCT00215644
CetuGEX™: Phase 1 Study in Cancer Patients,"This was a prospective, open label, multicenter study evaluating the safety, tolerability and pharmacokinetics of CetuGEX™ after intravenous administration in patients with EGFR positive, locally advanced and/or metastatic solid cancers. The effect of CetuGEX™ on the development of anti-drug antibodies and on tumour response was also evaluated.",https://clinicaltrials.gov/study/NCT01222637
Post-preeclampsia Renal Project: Study of Nephroprotection in Women Having Suffered Preeclampsia,"The purpose of the Post-preeclampsia Renal Project is to investigate the renal function of preeclamptic women after delivery, and to determine whether the anti-hypertensive drug named benazepril efficiently improves the dysfunctions observed.",https://clinicaltrials.gov/study/NCT01095939
Adjustment of Antibiotic Dosage in Pediatric Oncology Patients With Febrile Neutropenia and Augmented Renal Clearance,"This clinical trial focuses on children with cancer who face infections after receiving chemotherapy. Chemotherapy affects the bone marrow, leading to a decrease in the production of certain white blood cells, particularly those that defend against bacterial infections (neutrophils). One significant concern is febrile neutropenia, where children experience a fever during a period of low white blood cell count. This condition often results from bacterial infections, necessitating prompt wide-spectrum antibiotic treatment. However, some children eliminate antibiotics in the urine too quickly during febrile neutropenia. Their kidneys function more than they normally do (renal hyperfiltration). This can lead to insufficient exposure to antibiotics to control the infection. The current standard antibiotic regimens do not account for this variable elimination rate. In this study we focus on two antibiotics used in this context: piperacillin-tazobactam and meropenem.

The main questions this study aims to answer are, in these children:

* Would higher doses of antibiotics result in better blood levels of antibiotics?
* Would they have more sides effects with higher antibiotics dosages?
* Would they recover more quickly with higher antibiotic doses? All patients will undergo a blood test upon hospital arrival, including an assessment of renal function. If renal function is normal or diminished, the patient will receive the standard antibiotic dose. Children with increased renal function will be randomly assigned to two groups during each episode of febrile neutropenia. One group will receive standard antibiotic dosages, while the other will receive higher doses to compensate for renal hyperfiltration. Throughout the study, antibiotic levels in the blood will be monitored for all patients. This monitoring will determine if target concentrations can be achieved more quickly with experimental dosages and will allow doctors to readjust the doses if needed.",https://clinicaltrials.gov/study/NCT06293677
"Efficacy and Safety of LCZ696 Compared to Valsartan, on Morbidity and Mortality in Heart Failure Patients With Preserved Ejection Fraction",The purpose of this study was to evaluate the effect of LCZ696 compared to valsartan in the reduction of cardiovascular death and heart failure(HF) hospitalizations in patients with HF with preserved ejection fraction.,https://clinicaltrials.gov/study/NCT01920711
"ABC-lung: Atezolizumab, Bevacizumab and Chemotherapy in EGFR-mutant Non-small Cell Lung Carcinoma","ETOP 15-19 ABC-lung is an international, multi-centre open-label, randomized phase II trial with two non-comparative parallel arms of atezolizumab plus bevacizumab with carboplatin-paclitaxel (Arm A) or atezolizumab, bevacizumab and pemetrexed (Arm B) in patients with stage IIIB-IV non-squamous non-small cell lung cancer (NSCLC) harbouring EGFR mutations after failure of standard EGFR tyrosine kinase inhibitors (TKIs).",https://clinicaltrials.gov/study/NCT04245085
Effect of Sotagliflozin on Cardiovascular and Renal Events in Participants With Type 2 Diabetes and Moderate Renal Impairment Who Are at Cardiovascular Risk,"The primary objective of the study was to compare the effect of sotagliflozin to placebo on total occurrences of cardiovascular (CV) death, hospitalization for heart failure \[HHF\], and urgent visit for heart failure \[HF\] in participants with type 2 diabetes, cardiovascular risk factors, and moderate to severely impaired renal function.",https://clinicaltrials.gov/study/NCT03315143
Effect of Protein Supplementation on Plasma Sodium Levels and Urinary Urea Excretion in Patients With SIAD,"This study aims to investigate whether a 7-day dietary high protein supplementation of 90 grams per day increases plasma sodium levels in hyponatremic patients with chronic SIAD.

Enrolled patients will receive first dietary high protein supplementation for one week. After a wash-out phase of at least one week, the patients will receive oral urea for another week.",https://clinicaltrials.gov/study/NCT04987385
Urine CXCL10 Chemokine Monitoring Post-renal Transplant,"In this study investigators will investigate whether early treatment of allograft rejection, as detected by urine CXCL10-monitoring, improves outcomes in renal allograft recipients.",https://clinicaltrials.gov/study/NCT03140514
Trial of RNActive®-Derived Cancer Vaccine and Local Radiation in in Stage IV Non Small Cell Lung Cancer (NSCLC),"The purpose of this study is to determine whether the new RNActive derived lung cancer vaccine CV9202 in combination with local radiation therapy is safe, tolerable and immunogenic for the consolidation and maintenance treatment of stage IV non small cell lung cancer (NSCLC) after first-line chemotherapy or therapy with an EGFR tyrosine kinase inhibitor.",https://clinicaltrials.gov/study/NCT01915524
HERTHENA-Lung02: A Study of Patritumab Deruxtecan Versus Platinum-based Chemotherapy in Metastatic or Locally Advanced EGFRm NSCLC After Failure of EGFR TKI Therapy,Disease progression is typical for patients with epidermal growth factor receptor mutated (EGFRm) non-small cell lung cancer (NSCLC). Standard platinum-based chemotherapy offers limited efficacy and an unfavorable safety profile.There is an urgent need for more effective and tolerable therapies for patients with EGFRm NSCLC who have exhausted available targeted therapies. Clinical evidence suggest that patritumab deruxtecan constitutes a promising investigational therapy for patients with EGFRm NSCLC.,https://clinicaltrials.gov/study/NCT05338970
Pembrolizumab (MK-3475) Plus Chemotherapy Versus Placebo Plus Chemotherapy in Participants Gastric or Gastroesophageal Junction (GEJ) Adenocarcinoma (MK-3475-859/KEYNOTE-859),"The purpose of this study is to evaluate the efficacy of pembrolizumab (MK-3745) in combination with chemotherapy (Cisplatin combined with 5-Fluorouracil \[FP regimen\] or oxaliplatin combined with capecitabine \[CAPOX regimen\]) versus placebo in combination with chemotherapy (FP or CAPOX regimens) in the treatment of human epidermal growth factor receptor 2 (HER2) negative advanced gastric or GEJ adenocarcinoma in adult participants.

The primary hypotheses of this study are that pembrolizumab plus chemotherapy is superior to placebo plus chemotherapy in terms of overall survival (OS).",https://clinicaltrials.gov/study/NCT03675737
"Amivantamab, Lazertinib and Bevacizumab in Patients With EGFR-mutant Advanced Non-small Cell Lung Cancer With Progression on Previous Third-generation EGFR-TKI","AMAZE-lung is a multicenter single-arm phase II trial. The protocol treatment consists of amivantamab, lazertinib and bevacizumab (Zirabev®), given in a three-weekly regimen. The primary objective of the trial is to assess the efficacy of amivantamab and bevacizumab added to continued treatment with the third-generation EGFR-TKI lazertinib, in patients with EGFR-mutant advanced NSCLC, who have been previously treated with a third-generation EGFR-TKI in order to provide data on treatment effect and sample size required for a future phase III trial.

In addition, the safety of the treatment combination will be evaluated.",https://clinicaltrials.gov/study/NCT05601973
Advancing Renal TRANSplant eFficacy and Safety Outcomes With an eveRolimus-based regiMen (TRANSFORM),"This is a 2-year, randomized, multicenter, open-label, 2-arm study evaluating the graft function of everolimus and reduced CNI versus MPA and standard CNI in adult de novo renal transplant recipients.",https://clinicaltrials.gov/study/NCT01950819
Time-restricted Eating in Patients With Moderate Chronic Kidney Disease and Albuminuria,"Chronic kidney disease (CKD) affects approximately 12 to 15% of adults worldwide, with an increasing incidence expected. Major causes include diabetic nephropathy, hypertension, and various glomerulonephritis. Proteinuria is a key factor in identifying and assessing the risk of CKD progression.

The precise pathophysiology of CKD is not fully understood, but recent research highlights metabolic alterations, particularly in lipid and glucose metabolism. CKD progression is influenced by diet, as evidenced by recent studies. Interventions such as the ketogenic diet and time-restricted feeding show promising results in improving metabolism and may have beneficial effects on CKD.

Our study aims to evaluate the impact of time-restricted eating (TRE) on proteinuria, the decline in glomerular filtration rate, and weight loss in patients with moderate CKD with albuminuria (KDIGO stage 2-3). This will allow us to better understand the efficacy of this dietary approach tailored to the individual habits of participants.

The primary outcome measure will be albuminuria before and after the 12-week intervention. Secondary outcome measures will include the impact of fasting on blood pressure as assessed by 24-hour ambulatory monitoring, body composition evaluated by DXA and BIA, continuous glucose monitoring, and blood hormone profiles. Additionally, the feasibility and safety of TRE in this population will be assessed.",https://clinicaltrials.gov/study/NCT06618859
Adult Study: ABT-414 Alone or ABT-414 Plus Temozolomide vs. Lomustine or Temozolomide for Recurrent Glioblastoma Pediatric Study: Evaluation of ABT-414 in Children With High Grade Gliomas,"This study was conducted to evaluate the efficacy and safety of depatuxizumab mafodotin (ABT-414) alone or with temozolomide versus temozolomide or lomustine alone in adult participants with recurrent glioblastoma. The study also included a substudy to evaluate safety, tolerability and pharmacokinetics of ABT-414 in a pediatric population.",https://clinicaltrials.gov/study/NCT02343406
Physical Exercise and Biomolecular Analysis to Reduce Uremic Toxins in Chronic Kidney Disease: An Exploratory Study,"The accumulation of uremic toxins is detrimental to physiological systems and induces premature biological aging. Renal function assessment methods, such as predictive formulas, may be influenced by ancestry in Brazilians, given the country's ethnic diversity, resulting in inaccurate estimates. On the other hand, physical exercise is an important ally in treating chronic kidney disease (CKD) as it induces metabolic changes that help slow the disease's progression. Additionally, the anti-aging effect conferred on those who engage in physical exercise is widely recognized. However, investigations into the impact of physical exercise on the concentration of uremic toxins and biological aging in patients with chronic kidney disease and their relationship with ancestry are still in the early stages and inconclusive. The investigators aim to track uremic toxins, exerkines, genetic aspects, nutritional profile, physical fitness, body composition, and the effects of different types of physical training (periodized and progressive) in people with chronic kidney disease at various stages. Additionally, to verify associations between these factors and their effects on different physiological systems. This is a triple-blind randomized clinical trial, with a 10-year follow-up of patients. The sampling will be non-probabilistic in terms of accessibility or convenience. Adult volunteers of both biological sexes aged 18 or older, with chronic kidney disease in conservative treatment (stages 2, 3, 4, and 5, n\~400), patients undergoing renal replacement therapy (hemodialysis or peritoneal dialysis, n\~800), and transplant recipients (n\~400) will be recruited from different hemodialysis centers. After being grouped by disease stage, patients will be randomized according to pre-training variables and then allocated to the following groups: control group (CTL; at least n\~100), strength training (ST; at least n\~100), aerobic training (AT; at least n\~100), and combined training (CT; at least n\~100). The patients will undergo evaluations of body composition, cardiorespiratory capacity, muscle strength, autonomic nervous system function, and nutritional, psychological, and biomolecular assessments. The training protocols will be adjusted according to the patient's physical capacity, always considering periodization and progression.",https://clinicaltrials.gov/study/NCT06910475
SWIDINEP a Swiss Diabetic Nephropathy Cohort,"With our SWIDINEP cohort, we propose to explore the relationship between vascular risk markers and renal function decline in CKD stage 1-5. In order to realize these goals, we intend to recruit 200 patients within a 7y recruitment period (2014-2021). Recruitment is done in the nephrology and diabetes ambulatory clinics in the CHUV at Lausanne. Each eligible patient is identified and whether he/she can be proposed the study is discussed with the physician in charge of the patient. Once the patient is informed and has signed the consent form, he/she is examined in the Service of Nephrology at baseline, 2y and 5y.",https://clinicaltrials.gov/study/NCT03407989
Canakinumab in Patients With COVID-19 and Type 2 Diabetes,The purpose of this study is to evaluate whether Canakinumab has beneficial effects on patients with Type 2 diabetes mellitus and coronavirus disease 19 (COVID19).,https://clinicaltrials.gov/study/NCT04510493
"Phase II Study of Concomitant Intensity-modulated Radiotherapy Combined to Capecitabine, Mitomycin and Panitumumab in Patients With Stage II-IIIB Squamous-cell Carcinoma of the Anal Canal","There is increasing evidence of a role of EGFR, treatment with EGFR-inhibitors in anal cancer and synergies of EGFR-inhibitors with radiotherapy. Addition of the human anti-EGFR antibody Panitumumab to chemoradiotherapy seems therefore solidly justified. This trial investigates concurrent panitumumab/capecitabine/mitomycin concurrent to IMRT-radiotherapy. Treatment components used in this study have been selected on scientific rationale. The trial regimen should be feasible with acceptable toxicity and outcome similar to historic series.",https://clinicaltrials.gov/study/NCT01843452
Single-center Investigator Initiated Pilot Study Investigating the Tumor Response of Squamous Cell Carcinoma Lesions in Patients Under Lapatinib Treatment,"Primary cutaneous squamous cell carcinomas (SCCs) are epithelial carcinomas with a high frequency of EGF-R expression. EGFR is an important regulator of tumour progression and proliferation in several types of cancer. Mechanism of action of Lapatinib in the EGFR and/or HER2 expressing oesophageal squamous cell carcinoma (ESCC) cells is attributed to inhibition of cell proliferation and induction of apoptosis. Based on the data from oesophageal SCCs the investigators hypothesise that EGFR signalling pathway and its interactions play an important role in the SCC pathogenesis and represent a good therapeutic target from these tumours.

Primary Objectives:

To evaluate the tumour response macroscopically in patients with primary cutaneous SCC lesions and in concomitant SCC in situ (AK).

Secondary Objectives:

* To evaluate tolerability of a single dose regimen of systemic lapatinib therapy in patients with SCC as measured by time to first AE or SAE within the study period.
* To investigate the molecular tumour response of squamous cell carcinoma lesions in patients under lapatinib treatment using a set of variables.
* Trial with medicinal product",https://clinicaltrials.gov/study/NCT01666431
Aliskiren Trial in Type 2 Diabetes Using Cardiovascular and Renal Disease Endpoints (Core and Extension Phases),"The purpose of this study was to determine whether, in patients with type 2 diabetes and pre-existing disease of the heart and the circulatory system and/or the kidney, aliskiren at a target dose of 300 mg once daily (compared to placebo), on top of conventional treatment, reduces death and disease caused by the heart, the circulatory system and the kidney.

AMENDMENT 4 RATIONALE (MARCH 2012) :

Protocol amendment 4 served to address the data monitoring committee recommendation dated 14 Dec 2011 to discontinue study treatment in all participating patients. It also addressed the subsequent Health Authorities request to implement a 12 month safety follow-up period (actual duration was 9 months in average) post study drug discontinuation.",https://clinicaltrials.gov/study/NCT00549757
Substudy 06C: A Study of Sacituzumab Tirumotecan (MK-2870) With Pembrolizumab (MK-3475) and Chemotherapy in Participants With First-Line Locally Advanced Unresectable/Metastatic Gastroesophageal Adenocarcinoma (MK-3475-06C/KEYMAKER-U06),"This is a phase 1/2, multicenter, open-label umbrella platform study that will evaluate the safety and tolerability of sacituzumab tirumotecan with pembrolizumab and fluoropyrimidine chemotherapy for the first-line (1L) treatment of participants with locally advanced unresectable or metastatic human epidermal growth factor receptor 2 (HER2)-negative gastric, gastroesophageal junction, or esophageal adenocarcinoma.

This substudy will have two phases: a safety lead-in phase and an efficacy phase. The safety lead-in phase will be used to evaluate the safety and tolerability, and to establish a recommended Phase 2 dose (RP2D) for sacituzumab tirumotecan in combination with chemotherapy and immunotherapy. There is no formal hypothesis in this study.",https://clinicaltrials.gov/study/NCT06469944
Herceptin Followed by Chemotherapy in Treating Women With Metastatic Breast Cancer That Overexpresses HER2,"RATIONALE: To compare efficacy, toxicity and quality of life of the sequential administration of Her alone followed, at PD, by the combination with Chemotherapy (Arm A) vs. the upfront combination of Her and Chemotherapy (Arm B) in patients with advanced/metastatic breast cancer.

PURPOSE: Trial SAKK 22/99 addresses clinically relevant and currently unresolved questions regarding the optimal use of Herceptin in the treatment of patients with advanced/metastatic breast cancer.",https://clinicaltrials.gov/study/NCT00004935
Study of IFX-1 to Replace Steroids in Patients With Granulomatosis With Polyangiitis and Microscopic Polyangiitis.,The purpose of the study is to evaluate the efficacy of IFX-1 treatment as replacement for glucocorticoid (GC) therapy in subjects with polyangiitis (GPA) or microscopic polyangiitis (MPA).,https://clinicaltrials.gov/study/NCT03895801
"Safety, Pharmacokinetics and Pharmacodynamics of BKM120 Plus MEK162 in Selected Advanced Solid Tumor Patients","This is an open label, dose finding, phase Ib clinical trial to determine the maximum tolerated dose (MTD) and/or the recommended phase II dose (RP2D) of the orally administered phosphatidylinositol 3'-kinase (PI3K) inhibitor BKM120 in combination with the MEK1/2 inhibitor MEK162. This combination will be explored in patients with epidermal growth factor receptor (EGFR) mutant non-small cell lung cancer (NSCLC) which has progressed on EGFR inhibitors and triple negative breast cancer, as well as pancreatic cancer, colorectal cancer, malignant melanoma, NSCLC, and other advanced solid tumors with KRAS, NRAS, and/or BRAF mutations. Dose escalation will be guided by a Bayesian logistic regression model with overdose control. At MTD or RP2D, two expansion arms will be opened in order to further assess safety and preliminary anti-tumor activity of the combination of BKM120 and MEK162.

Study drugs will be administered once daily orally on a continuous schedule. A treatment cycle is defined as 28 days.",https://clinicaltrials.gov/study/NCT01363232
Precision Medicine in Cardiovascular Surgery Associated Acute Kidney Injury,"The goal of this prospective observational study is to define a risk profile for cardiovascular surgery associated acute kidney injury (AKI), using clinical patient characteristics, operation parameters as well as blood and urine laboratory values.

The main question it aims to answer is:

• Does a combination of the factors mentioned above better predict patient outcome than classical factors used to date in clinical practice?

Participants of this study are adults aged 18 and above who are scheduled for elective heart or main artery surgery, and who have given written informed consent.",https://clinicaltrials.gov/study/NCT06471621
Phase III Study to Assess AZD9833+ CDK4/6 Inhibitor in HR+/HER2-MBC With Detectable ESR1m Before Progression (SERENA-6),"The study is intended to show superiority of AZD9833 in combination with CDK4/6 inhibitor (palbociclib, abemaciclib or ribociclib) versus aromatase inhibitors (anastrozole or letrozole) in combination with CDK4/6 inhibitor in patients with hormone receptor-positive (HR-positive), human epidermal growth factor receptor 2-negative (HER2-negative) metastatic breast cancer with detectable ESR1 mutation.",https://clinicaltrials.gov/study/NCT04964934
Study of Efficacy and Safety of Iptacopan in Patients With C3 Glomerulopathy.,"The Primary Completion Date and Study Completion Date have been updated to reflect completion of the adolescent cohort, which has been added to the protocol.

The study is designed as a multicenter, randomized, double-blind, parallel group, placebo-controlled study to evaluate the efficacy and safety of iptacopan (LNP023) in complement 3 glomerulopathy.",https://clinicaltrials.gov/study/NCT04817618
Short-term Exposure to High Altitude in Patients With Asymptomatic Aortic Stenosis,"Aortic stenosis is a common disease with increasing prevalence due to an aging population. Aortic valve replacement is indicated for symptomatic severe aortic stenosis. Leisure activities and tourism at high altitude destinations are popular but may impose a higher risk to patients with aortic stenosis. Pathophysiological considerations led to an expert consensus to avoid high altitude exposure, though there is no robust scientific evidence.

Hence, the objective of this study is to evaluate the safety of high altitude exposure in patients with asymptomatic moderate or severe aortic stenosis by the measurement of surrogate markers for cardiac adverse events such as the decrease in exercise capacity, the assessment of changes in cardiac filling pressures, cardiac dimensions and function, and the evaluation of the incidence of cardiac arrhythmia.",https://clinicaltrials.gov/study/NCT06894550
"Efficacy, Safety, Tolerability of Gefitinib as 1st Line in Caucasian Patients With EGFR Mutation Positive Advanced NSCLC",This study is carried out to see how Caucasian patients with lung cancer which has EGFR mutation will respond to gefitinib (IRESSA™) as a first line treatment. Safety data will also be collected and analysed to confirm that treatment with gefitinib is safe and well tolerated.,https://clinicaltrials.gov/study/NCT01203917
A Study of Trastuzumab Emtansine in Comparison With Treatment of Physician's Choice in Participants With HER2-positive Breast Cancer Who Have Received at Least Two Prior Regimens of HER2-directed Therapy,"This randomized, multicenter, 2-arm, open-label study (TH3RESA) will evaluate the efficacy and safety of trastuzumab emtansine (T-DM1) in comparison with treatment of the physician's choice in participants with metastatic or unresectable locally advanced/recurrent human epidermal growth factor receptor 2 (HER2)-positive breast cancer. Eligible participants will be randomized to receive either trastuzumab emtansine 3.6 mg/kg intravenously every 21 days or treatment of the physician's choice. Participants continue to receive study treatment until disease progression or unacceptable toxicity occurs. This study is also known under Roche study protocol number BO25734.",https://clinicaltrials.gov/study/NCT01419197
Multicenter Study of Rociletinib Administered to Patients With Previously Treated Mutant EGFR Non-small Cell Lung Cancer,"The purpose of this study is to evaluate the safety and anti-tumor effect of rociletinib. The trial is open-ended, which means patients will continue to take rociletinib until the study doctor determines it is no longer beneficial for them.",https://clinicaltrials.gov/study/NCT02147990
Study to Investigate CSL112 in Subjects With Acute Coronary Syndrome,"This is a phase 3, multicenter, double-blind, randomized, placebo-controlled, parallel-group study to evaluate the efficacy and safety of CSL112 on reducing the risk of major adverse CV events \[MACE - cardiovascular (CV) death, myocardial infarction (MI), and stroke\] in subjects with acute coronary syndrome (ACS) diagnosed with either ST-segment elevation myocardial infarction (STEMI) or non-ST-segment elevation myocardial infarction (NSTEMI), including those managed with percutaneous coronary intervention (PCI) or medically managed.",https://clinicaltrials.gov/study/NCT03473223
Study of Izalontamab Brengitecan (BMS-986507) Versus Platinum-Pemetrexed for EGFR-mutated Non-small Cell Lung Cancer After Failure of EGFR TKI Therapy (IZABRIGHT-Lung01),A Study of Izalontamab Brengitecan (BMS-986507) versus Platinum-Pemetrexed for EGFR-mutated Non-small Cell Lung Cancer after failure of EGFR TKI Therapy,https://clinicaltrials.gov/study/NCT07100080
Efficacy and Safety of Aliskiren and Aliskiren/Enalapril Combination on Morbidity-mortality in Patients With Chronic Heart Failure,"The study will evaluate the efficacy and safety of both aliskiren monotherapy and aliskiren/enalapril combination therapy as compared to enalapril monotherapy, on morbidity and mortality in patients with chronic heart failure (NYHA Class II - IV.",https://clinicaltrials.gov/study/NCT00853658
A Study of T-DXd in Participants With or Without Brain Metastasis Who Have Previously Treated Advanced or Metastatic HER2 Positive Breast Cancer,"This is open-label, multicenter, international study, assessing the efficacy and safety of Trastuzumab deruxtecan (T-DXd) in participants with or without brain metastasis (BMs), with previously-treated advanced/metastatic HER2-positive breast cancer whose disease has progressed on prior anti-HER2-based regimens and who received no more than 2 lines/regimens of therapy in the metastatic setting (excluding tucatinib).",https://clinicaltrials.gov/study/NCT04739761
Metreleptin in Anorexia Nervosa,"The treatment of anorexia nervosa often proves to be difficult. There are no drugs that work specifically for the treatment of anorexia nervosa. Experimental administration of metreleptin (synthetically produced leptin) to patients with anorexia nervosa has produced positive results. This study tests the effect of metreleptin in comparison with placebo, which could potentially make treatment easier. The aim of the study is to investigate whether treatment with metreleptin can help to reduce the symptoms of anorexia nervosa and improve mood and weight.",https://clinicaltrials.gov/study/NCT06305182
Bosutinib For Autosomal Dominant Polycystic Kidney Disease,This purpose of this study is to determine if bosutinib reduces the rate of kidney enlargement in subjects with autosomal dominant polycystic kidney disease (ADPKD) entering the study with a total kidney volume greater than or equal to 750 cc and eGFR greater than or equal to 60 mL/min/1.73m2.,https://clinicaltrials.gov/study/NCT01233869
Testing of Drugs Erlotinib and Docetaxel in Lung Cancer Patients Classified Regarding Their Outlook Using VeriStrat®.,"Using a laboratory test (VeriStrat), patients with relapsed squamous cell lung cancer are assigned to two strata, VSG (VeriStrat Good) and VSP (VeriStrat Poor). They are then randomized between an EGFR-TK inhibitor (erlotinib) and chemotherapy (Docetaxel).

It is hypothesized that the VeriStrat test results are able to predict the benefit of treatment with erlotinib vs docetaxel. This would suggest a significant improvement in progression-free survival for VSG patients when treated with Erlotinib, and no significant improvement in VSP patients who receive the same treatment.",https://clinicaltrials.gov/study/NCT01652469
BELIEF (Bevacizumab and ErLotinib In EGFR Mut+ NSCLC),"Rationale:

Advanced non-small-cell lung cancer (NSCLC) patients harbouring epidermal growth factor receptor (EGFR) mutations (del19 or L858R) show an impressive progression-free survival between 9 and 14 months when treated with erlotinib. However, the presence of EGFR mutations can only imperfectly predict outcome. The investigators hypothesize that progression-free survival could be influenced both by the pretreatment EGFR T790M mutation and by components of DNA repair pathways.

The investigators propose a model of treatment whereby patients with EGFR mutations (single or with T790M) can attain a benefit with longer overall PFS when treated with erlotinib plus bevacizumab. When the patients are grouped by BRCA1 mRNA levels and T790M the hypothesis is that the combination of erlotinib plus bevacizumab can improve the PFS in all subgroups.",https://clinicaltrials.gov/study/NCT01562028
"A Study to Learn More About How Well the Study Treatment Finerenone Works, How Safe it is, How it Moves Into, Through, and Out of the Body, and the Effects it Has on the Body When Taken With an ACE Inhibitor or Angiotensin Receptor Blocker in Children With Chronic Kidney Disease and Proteinuria","Researchers are looking for a better way to treat children who have chronic kidney disease (CKD), which is long-term kidney disease, and proteinuria, a condition in which a person´s kidneys leak protein into the urine.

The kidneys filter waste and fluid from the blood to form urine. In children with CKD, the kidney´s filters do not work as well as they should. This can lead to accumulation of waste and fluid in the body and proteinuria. CKD can lead to other medical problems, such as high blood pressure, also known as hypertension. Vice versa, hypertension and proteinuria can also contribute to worsening of CKD. Therefore, the treatment of CKD aims to control blood pressure and proteinuria. There are treatments available for doctors to prescribe to children with CKD and hypertension and/or proteinuria. These include ""angiotensin-converting enzyme inhibitors"" (ACEI) and ""angiotensin receptor blockers"" (ARB). Both ACEI and ARB can improve kidney function by helping the renin-angiotensin-aldosterone system (RAAS) to work normally. The RAAS is a system that works with the kidneys to control blood pressure and the balance of fluid and electrolytes in the blood. In people with CKD, the RAAS is often too active, which can stop the kidneys from working properly and cause hypertension and proteinuria. However, ACEI or ARB treatment alone does not work for all patients with CKD as they only target the angiotensin part of the renin-angiotensin-aldosterone system.

The study treatment, finerenone, is expected to help control RAAS overactivation together with an ACEI or ARB.

So, the researchers in this study want to learn more about whether finerenone given in addition to either an ACEI or ARB can help their kidney function.

The main purpose of this study is to learn more about whether finerenone added to either ACEI or ARB can help reduce the amount of protein in the participants' urine more than a placebo. A placebo looks like a treatment but does not have any medicine in it. Participants will also continue to receive their other medications.

To see how the treatment work, the doctors will take samples of the participants' urine to measure their protein levels before and during taking treatment and after their last treatment. In addition, blood samples will be taken to monitor kidney function, electrolytes and the amount of finerenone in the blood as well as for other tests.

This study will include children with CKD and proteinuria aged from 6 months up to less than 18 years. The participants will take:

* either finerenone or the placebo, in addition to
* either ACEI or ARB, whichever they take as part of their normal treatment

Two visits are required up to 104 days, to check whether a child can take part in the treatment phase of the study. If participants qualify for the treatment phase, they will then undergo treatment for about 180 days. During this time, they will visit the study site at least 7 times. During these visits, the participants will:

* have their blood pressure, heart rate, temperature, height and weight measured
* have blood and urine samples taken
* have physical examinations
* have their heart examined by an electrocardiogram and echocardiography (a sonogram of the heart)
* answer questions about their medication and whether they have any adverse events , or have their parents or guardians answer
* answer questions about how they are feeling, or have their parents or guardians answer
* answer question about how they like the study medication, or have their parents or guardians answer

The doctors will keep track of any adverse events. An adverse event is any medical problem that a participant has during a study. Doctors keep track of all adverse events that happen in studies, even if they do not think the adverse events might be related to the study treatments.

The doctors will check the participants' health about 30 days after the participants take their last treatment.",https://clinicaltrials.gov/study/NCT05196035
Herceptin (Trastuzumab) in Treating Women With Human Epidermal Growth Factor Receptor (HER) 2-Positive Primary Breast Cancer,"The purpose of this trial is to evaluate Herceptin treatment for 1 year and 2 years (versus observation/no Herceptin) in women with HER2-overexpressing primary breast cancer who have completed (neo-)adjuvant systemic chemotherapy, definitive surgery, and radiotherapy, if applicable. Efficacy and safety will be assessed for 10 years from randomization for each participant. All participants will continue to be followed for survival until 10 years after enrollment of the last participant.",https://clinicaltrials.gov/study/NCT00045032
Treatment of Resistant Hypertension Using a Radiofrequency Percutaneous Transluminal Angioplasty Catheter,The Study objective is to assess the performance of the Vessix V2 Renal Denervation System for the treatment of uncontrolled hypertension using an innovative percutaneous Radio Frequency (RF) balloon catheter renal denervation device.,https://clinicaltrials.gov/study/NCT01541865
A Study to Evaluate the Long-term Safety and Tolerability of Lucerastat in Adult Subjects With Fabry Disease,A study to determine the long-term safety and tolerability of oral lucerastat in adult subjects with Fabry disease. This study includes a sub-study evaluating kidney Gb3 inclusions (and other histologic lesions) in male participants with classic Fabry disease who have been treated for at least 2 years with lucerastat monotherapy in study ID-069A302.,https://clinicaltrials.gov/study/NCT03737214
A Study of Pertuzumab in Combination With Herceptin and Chemotherapy in Participants With HER2-Positive Breast Cancer,"This 3 arm study will assess the tolerability, safety and efficacy of 3 neoadjuvant treatment regimens in participants with locally advanced, inflammatory or early stage human epidermal growth factor receptor 2 (HER2)-positive breast cancer. Before surgery, participants will be randomized to receive either A) 6 cycles of pertuzumab plus trastuzumab (Herceptin), with 5-fluorouracil/epirubicin/cyclophosphamide (FEC) for cycles 1-3 and docetaxel for cycles 4-6, or B) FEC for cycles 1-3 followed by pertuzumab plus trastuzumab with docetaxel for cycles 4-6, or C) 6 cycles of pertuzumab plus trastuzumab with docetaxel and carboplatin. Pertuzumab will be administered at a loading dose of 840 mg intravenously (iv), then 420 mg iv 3-weekly, trastuzumab at a loading dose of 8 mg/kg iv, then 6 mg/kg iv 3-weekly, docetaxel at 75 mg/m\^2 iv, increased to 100 mg/m\^2 iv 3-weekly, and FEC and carboplatin iv 3-weekly at standard doses. Following surgery participants will receive trastuzumab 6 mg/kg iv 3-weekly for a total of 1 year, as well as adequate chemo-, radio- and hormone therapy. Anticipated time on study treatment is 4-12 months, and target sample size is 200-300.",https://clinicaltrials.gov/study/NCT00976989
"Long-term Efficacy, Safety and Tolerability of Iptacopan in C3G or IC-MPGN","This is an open-label extension study to evaluate the long-term efficacy, safety and tolerability of iptacopan in subjects with C3 glomerulopathy or idiopathic immune-complex-membranoproliferative glomerulonephritis",https://clinicaltrials.gov/study/NCT03955445
Protein Supplementation in Hyponatremia Due to the Syndrome of Inappropriate Antidiuresis,The goal of this study is to assess the impact of protein supplementation on hyponatremia caused by the syndrome of inappropriate antidiuresis during hospitalization.,https://clinicaltrials.gov/study/NCT06821802
"Radiation Therapy, Irinotecan, and Cetuximab in Treating Patients Who Are Undergoing Surgery for Stage III or Stage IV Rectal Cancer","RATIONALE: Specialized radiation therapy that delivers a high dose of radiation directly to the tumor may kill more tumor cells and cause less damage to normal tissue. Drugs used in chemotherapy, such as irinotecan, work in different ways to stop the growth of tumor cells, either by killing the cells or by stopping them from dividing. Monoclonal antibodies, such as cetuximab, can block tumor growth in different ways. Some block the ability of tumor cells to grow and spread. Others find tumor cells and help kill them or carry tumor-killing substances to them. Giving radiation therapy together with irinotecan and cetuximab before surgery may make the tumor smaller and reduce the amount of normal tissue that needs to be removed.

PURPOSE: This phase I trial is studying the side effects and best dose of irinotecan when given together with cetuximab and radiation therapy in treating patients who are undergoing surgery for stage III or stage IV rectal cancer.",https://clinicaltrials.gov/study/NCT00392470
A Study to Learn More About How Safe the Study Treatment Finerenone is in Long-term Use When Taken With an ACE Inhibitor or Angiotensin Receptor Blocker Over 18 Months of Use in Children and Young Adults From 1 to 18 Years of Age With Chronic Kidney Disease and Proteinuria,"Researchers are looking for a better way to treat children who have chronic kidney disease (CKD), which is long-term kidney disease, and proteinuria, a condition in which a person´s kidneys leak protein into the urine.

The kidneys filter waste and fluid from the blood to form urine. In children with CKD, the kidney´s filters do not work as well as they should. This can lead to accumulation of waste and fluid in the body and proteinuria. CKD can lead to other medical problems, such as high blood pressure, also known as hypertension. Vice versa, hypertension and proteinuria can also contribute to worsening of CKD. Therefore, the treatment of CKD aims to control blood pressure and proteinuria. There are treatments available for doctors to prescribe to children with CKD and hypertension and/or proteinuria. These include ""angiotensin-converting enzyme inhibitors"" (ACEI) and ""angiotensin receptor blockers"" (ARB). Both ACEI and ARB can help improve kidney function by reducing the activity of the renin-angiotensin-aldosterone system (RAAS). The RAAS is a system that works with the kidneys to control blood pressure and the balance of fluid and electrolytes in the blood. In people with CKD, the RAAS is often too active, which can impair the ability of the kidneys to work properly and cause hypertension and proteinuria. However, ACEI or ARB treatment alone does not work for all patients with CKD as they only target the angiotensin part of the renin-angiotensin-aldosterone system.

The study treatment, finerenone, is expected to help control RAAS overactivation together with an ACEI or ARB.

So, the researchers in this study want to learn more about whether finerenone given in addition to either an ACEI or ARB can help their kidney function.

The main purpose of this study is to learn how safe the treatment is when used of finerenone in addition to an ACEI or ARB in long-term.

To see how safe the treatment is, the study team will collect information on medical problems which are also known as ""treatment emergent adverse events"" (TEAEs). And they will also collect levels of an electrolyte called potassium in the blood by taking blood samples, and measure blood pressure during the study.

The secondary purpose of this study is to learn how well long-term use of finerenone can reduce the amount of protein in the participants' urine and benefit kidney function when taken with standard of care.

To see how the treatment works, the study team will collect participants' urine samples to assess urinary albumin-to-creatinine ratio (UACR) and urinary protein-to-creatinine ratio (UPCR), which are important assessments for calculating the level of protein in the urine. Researchers will also collect blood samples to analyze serum creatinine and calculate estimated glomerular filtration rate (eGFR). A significant decline in eGFR indicates worsening kidney function.

The study will include participants who had previously participated in FIONA study (NCT05196035). The participants will be aged from 1 year up to 18 years.

The participants will be in the study for approximately 19 months. They will take study treatment for up to 18 months and will be follow up for 1 month. During this period, at least 12 visits are planned for patients who newly start finerenone, and at least 8 visits for patients who already received finerenone.

In the visit, the study team will:

* have their blood pressure, heart rate, temperature, height and weight measured
* have blood and urine samples taken
* have physical examinations
* have their heart examined by an electrocardiogram and echocardiography (a sonogram of the heart)
* answer questions about their medication and whether they have any adverse events, or have their parents or guardian's answer
* answer questions about how they are feeling, or have their parents or guardian's answer
* answer question about how they like the study medication, or have their parents or guardian's answer The doctors will keep track of any adverse events. An adverse event is any medical problem that a participant has during a study. Doctors keep track of all adverse events that happen in studies, even if they do not think the adverse events might be related to the study treatments.

The doctors will check the participants' health about 30 days after the participants take their last treatment.",https://clinicaltrials.gov/study/NCT05457283
Enteric-coated Mycophenolate Sodium (EC-MPS) With Reduced-dose Tacrolimus Versus EC-MPS With Standard-dose Tacrolimus in Stable Kidney Transplant Recipients,"This study introduces a new optimization immunosuppressive regimen associating tacrolimus at a reduced dose and enteric-coated mycophenolate sodium at an increased dose in order to slow down renal function worsening and to prevent the progression of chronic allograft nephropathy, while maintaining the same efficacy, in maintenance renal transplant recipients.",https://clinicaltrials.gov/study/NCT00284934
"A Study of Radiation Dosimetry, Safety, and Tolerability of Extended Lutetium (177Lu) Vipivotide Tetraxetan Treatment in Chemo-naïve Adults With Metastatic Castration-resistant Prostate Cancer: RADIOpharmaceutical DOSimetry Evaluation (RADIODOSE) Study","The purpose of the study is to assess and evaluate dosimetry, safety, and tolerability following administration of up to 12 cycles of (177Lu) vipivotide tetraxetan (also referred to as \[177Lu\]Lu-PSMA-617 or 177Lu-PSMA-617 and hereafter identified as AAA617) in taxane-naïve adult participants with PSMA-positive mCRPC who progressed on a prior ARPI treatment with normal renal function or mild renal impairment (eGFR ≥ 60ml/min).",https://clinicaltrials.gov/study/NCT06531499
A Study of ABT-414 in Participants With Newly Diagnosed Glioblastoma (GBM) With Epidermal Growth Factor Receptor (EGFR) Amplification,"This study seeks to determine whether the addition of ABT-414 to concomitant radiotherapy and temozolomide (TMZ) followed by combination of ABT-414 with adjuvant TMZ prolongs overall survival (OS) among participants with newly diagnosed glioblastoma (GBM) with epidermal growth factor receptor (EGFR) amplification.

In addition, there is a Phase 1, open-label, multicenter sub-study to assess the pharmacokinetics, safety and tolerability of ABT-414 in participants with newly diagnosed EGFR-amplified GBM who have mild or moderate hepatic impairment.",https://clinicaltrials.gov/study/NCT02573324
A Study of Trastuzumab Emtansine Versus Capecitabine + Lapatinib in Participants With HER2-positive Locally Advanced or Metastatic Breast Cancer,"This is a Phase III, randomized, multicenter, international, 2-arm, open-label clinical trial designed to compare the safety and efficacy of trastuzumab emtansine (T-DM1) with that of capecitabine + lapatinib in participants with human epidermal growth factor receptor 2 (HER2)-positive locally advanced or metastatic breast cancer. Participants will be treated until disease progression (PD), unmanageable toxicity, or study termination. Once disease progression is reported, all participants will be followed for survival every 3 months until death, loss to follow-up, withdrawal of consent, or study termination.",https://clinicaltrials.gov/study/NCT00829166
Efficacy of Add-on Plasma Exchange As an Adjunctive Strategy Against Septic Shock,"Randomized, prospective, multicenter, open-label, controlled, parallel-group interventional trial to test the adjunctive effect of therapeutic plasma exchange in patients with early septic shock.",https://clinicaltrials.gov/study/NCT05726825
Study on Bisphosphonates Targeting Triple-negative Breast Cancer,"Triple-negative breast cancer has a poor prognosis and lacks effective adjuvant treatment. A number of preclinical and clinical trials have shown that bisphosphonates have direct or indirect anti-tumor activity, and early use of bisphosphonate adjuvant therapy can prevent cancer recurrence and metastasis including bone metastasis and greatly improve the prognosis of cancer patients. Bisphosphonates have the advantages of low cost, low toxicity, and strong tolerance and can be used as an auxiliary treatment for triple-negative breast cancer. The preliminary study found that bisphosphonates can be chimeric with erlotinib, an epidermal growth factor receptor tyrosine kinase inhibitor, which can synergistically inhibit the in vitro tumor formation of cancer (such as non-small-cell lung cancer and breast cancer) cells and the growth of transplanted tumors. Therefore, the purpose of this multi-center prospective real-world study was to further investigate the effects of bisphosphonate adjuvant therapy on breast cancer.",https://clinicaltrials.gov/study/NCT04045522
Repurposing Empagliflozin and Dapagliflozin for Paediatric Heart Failure: Translational Approach and Dose Rationale,"This study aims at exploring the use of Dapagliflozin and Empagliflozin in children and adolescents 6-18 years old with heart failure. These molecules are effective in reducing hospitalisations and mortality in adults with heart failure and are used in adolescents with type 2 diabetes mellitus, but little is known on children with heart failure. Particularly, the best dose to use in this population is currently unknown. This trial aims to:

1. define a dose rationale for this indication and age group (pharmacokinetic study),
2. assess and monitor safety,
3. assess ease-of-swallow,
4. explore middle-term (4-6 weeks) efficacy and efficacy markers.

Participants will be asked to attend 4 study visits over 4-6 weeks, and one end-study visit 2-12 weeks thereafter. Visits 1 and 3 will entail an 8h day-hospital stay, while Visits 2, 4 and the end-study visit will be outpatient clinics (approximately 2h). Participants will be asked to take the studied drug once daily during the 4-6 weeks of the study period.

All participants will take both Dapagliflozin and Empagliflozin: 6 will start with Dapagliflozin first (Visits 1-2) and then switch to Empagliflozin (Visits 3-4), while 6 will start with Empagliflozin first (Visits 1-2) and then switch to Dapagliflozin (Visits 3-4). No comparison group is foreseen for this study.",https://clinicaltrials.gov/study/NCT06012266
"Safety, Tolerability and Efficacy of Vaginal Suppositories for Treatment of the Endometriosis","Background:

Endometriosis is a chronic gynecological disease with the growth of endometrial tissue outside the endometrium. In all its properties, this tissue is similar to the mucous membrane of the uterus.

Types of endometriosis:

Endometriosis is divided into genital and extragenital. Genital endometriosis is internal and external. When the inner is affected by the uterus, with the external - the ovaries, tubes, vagina and external genital organs are affected. Extragenital endometriosis can affect various organs of the abdominal cavity.

Drug treatment does not show high effectiveness. Surgery / laparoscopic is currently considered the gold standard treatment for this problem, including infertility treatment.

The purpose of our studies is to achieve substantial results with respect to tolerability, safety and clinical efficacy of vaginal suppository ELTA for treatment of the endometriosis.

Methods:

Phase I clinical trial to be conducted at Cancer Center to hold under the aegis UniversitätsSpital Zürich from May 2018 to September 2018.

Ninety-four patients with the form of genital endometriosis will take part in the studies. The study was approved by the Ethics Committee at the Cancer Institute no C99884.01FH339",https://clinicaltrials.gov/study/NCT03481842
Vitamin D Supplementation in Individuals With a Chronic Spinal Cord Injury,"The main objective of this placebo-controlled randomized double-blinded study is to investigate the effect of vitamin D supplementation on vitamin D status (25(OH)D concentration in the blood) among individuals with a chronic spinal cord injury (SCI). Further, the effects of vitamin D supplementation on several other parameters (e.g. bone density and mood) are investigated, which could reveal positive secondary effects of supplementation that are especially relevant for clinical practice.",https://clinicaltrials.gov/study/NCT04652544
Diabetes and Smoking Cessation: a Gender-Oriented Study,"People with diabetes still smoke at equivalent rates as non-diabetics. There is lack of evidence regarding interventions for smoking cessation among individuals with diabetes. The aim of this project is to assess the 12 months efficacy of a smoking cessation intervention tailored to diabetes and gender specificities, in a population of 500 smokers with type 2 diabetes. The secondary objectives are to assess the impact of smoking cessation on anthropometric outcomes, diabetes control and renal function and fecal microbiota.",https://clinicaltrials.gov/study/NCT03426423
Anti-EGFR-immunoliposomes Loaded With Doxorubicin in Patients With Advanced Triple Negative EGFR Positive Breast Cancer,"The main objective of the trial is to determine the efficacy of doxorubicin-loaded anti-EGFR immunoliposomes as first-line therapy in patients with advanced triple Negative, EGFR positive breast cancer. In this proof of concept trial, all patients will have an administration of the doxorubicin-loaded anti-EGFR immunoliposomes (anti-EGFR-IL-dox) every 28 days, until progression or unacceptable toxicity.",https://clinicaltrials.gov/study/NCT02833766
Treatment of Autonomous Hyperparathyroidism in Post Renal Transplant Recipients,"Hyperparathyroidism (HPT) is common in people with a kidney transplant. Patients with HPT often have high parathyroid hormone (PTH) levels and may have large parathyroid glands in the neck. Patients with HPT can develop bone disease (osteodystrophy). This bone disease can cause bone pain, fractures, and poor formation of red blood cells. Other problems from HPT may include increases in blood levels of calcium (hypercalcemia) and low blood levels of phosphorus (hypophosphatemia). The high calcium levels may cause calcium to deposit in body tissues. Calcium deposits can cause arthritis (joint pain and swelling), muscle inflammation, itching, gangrene (death of soft tissue), heart and lung problems or kidney transplant dysfunction (worsening of kidney transplant function). The purpose of this study is to evaluate the effects of cinacalcet (Sensipar/Mimpara) on high calcium levels in the blood in patients with HPT after a kidney transplant.",https://clinicaltrials.gov/study/NCT00975000
Trastuzumab Deruxtecan (DS-8201a) Versus Investigator's Choice for HER2-low Breast Cancer That Has Spread or Cannot be Surgically Removed [DESTINY-Breast04],"This study will compare DS-8201a to physician choice standard treatment.

Participants must have HER2-low breast cancer that has been treated before.

Participants' cancer:

* Cannot be removed by an operation
* Has spread to other parts of the body",https://clinicaltrials.gov/study/NCT03734029
A Study of Neoadjuvant Letrozole + Taselisib Versus Letrozole + Placebo in Post-Menopausal Women With Breast Cancer (LORELEI),"This is a two-arm, randomized, double-blind, multicenter, pre-operative study to evaluate the effect of combining letrozole and GDC-0032 (also known as taselisib) versus letrozole and placebo in postmenopausal women with estrogen receptor-positive (ER+)/human epidermal growth factor receptor 2 (HER2) untreated, Stage I-III operable breast cancer. Participants will be randomized into one of the two treatment arms with a 1:1 randomization ratio. Letrozole at 2.5 milligrams (mg) will be dosed once daily plus either Taselisib at 4 mg (two 2-mg tablets) or placebo on a 5 days-on/ 2 days-off schedule for a total of 16 weeks.",https://clinicaltrials.gov/study/NCT02273973
Study Assessing the Safety and Efficacy of Pegcetacoplan in Post-Transplant Recurrence of C3G or IC-MPGN,"This is a Phase 2, multicenter, open-label, randomized, controlled study designed to evaluate the safety and efficacy of pegcetacoplan in patients who have post-transplant recurrence of C3G or IC-MPGN.",https://clinicaltrials.gov/study/NCT04572854
Pilot Feasibility Study of Combined Kidney and Hematopoietic Stem Cell Transplantation to Cure End-stage Renal Disease,"This pilot study of combined kidney and hematopoietic stem cell transplantation attempts to establish a protocol to induce immunological tolerance as a new strategy to prevent renal graft rejection. If successful, this strategy would restore renal function, while avoiding the risks associated with long-term standard anti-rejection therapy, and would represent the first option to cure end-stage renal disease.",https://clinicaltrials.gov/study/NCT02176434
Study of Autologous Tumor Infiltrating Lymphocytes in Patients With Solid Tumors,"A prospective, open-label, multi-cohort, non-randomized, multicenter Phase 2 study evaluating adoptive cell therapy (ACT) with TIL \[LN-144/LN-145 (lifileucel)\] in combination with immune checkpoint inhibitors or TIL \[LN-144/LN-145 (lifileucel) and LN-145-S1\] as a single agent therapy.",https://clinicaltrials.gov/study/NCT03645928
Quantify the Benefits of Biomarkers in Routine Patient Care in Kidney Transplant Recipients,"The investigator hypothesize that the combined use of (1) non-invasive biomarkers in peripheral blood predicting anti-donor immunological activation or quiescence (2) interactive and actionable data analytics delivered at the bedside will promote safe clinical follow-up of kidney transplant patients with less need for invasive and induced risk surveillance by allograft protocol biopsies to assess allograft rejection in clinically stable kidney transplant patients. It is therefore proposed an European, multicenter, prospective randomized comparing two strategies of follow-up: in the first, biopsies are guided by biomarkers, in the second one, a routine biopsy is performed at M3. In both groups, a biopsy is performed at M12 and whenever considered necessary by the clinician.",https://clinicaltrials.gov/study/NCT04774575
National Unified Renal Translation Research Enterprise - Chronic Kidney Disease,"Chronic Kidney Disease (CKD) affects around 10% of the adult population and is associated with an increased risk of heart attack, stroke and end stage kidney disease (ESKD). This study aims to better predict who is most likely to progress to ESKD using previously identified risk factors and novel biomarkers in blood and urine samples, along with kidney biopsy tissue. Resources can then be directed to those most at risk of disease progression and other associated conditions such as heart attack and stroke, while those at lower risk can be offered less frequent monitoring.",https://clinicaltrials.gov/study/NCT04084145
Registrational Study With Omecamtiv Mecarbil (AMG 423) to Treat Chronic Heart Failure With Reduced Ejection Fraction,The purpose of this study is to determine if treatment with omecamtiv mecarbil when added to standard of care is well tolerated and superior to placebo in reducing the risk of cardiovascular death or heart failure events in adults with chronic heart failure with reduced ejection fraction (HFrEF).,https://clinicaltrials.gov/study/NCT02929329
International Study of Comparative Health Effectiveness With Medical and Invasive Approaches (ISCHEMIA),"The purpose of the ISCHEMIA trial is to determine the best management strategy for higher-risk patients with stable ischemic heart disease (SIHD). This is a multicenter randomized controlled trial with 5179 randomized participants with moderate or severe ischemia on stress testing. A blinded coronary computed tomography angiogram (CCTA) was performed in most participants with eGFR ≥60 mL/min/1.73m2 to identify and exclude participants with either significant unprotected left main disease (≥50% stenosis) or those without obstructive CAD (\<50% stenosis in all major coronary arteries). Of 8518 participants enrolled, those that had insufficient ischemia, ineligible anatomy demonstrated on CCTA or another exclusion criterion, did not go on to randomization. Eligible participants were then assigned at random to a routine invasive strategy (INV) with cardiac catheterization followed by revascularization, if feasible, plus optimal medical therapy (OMT) or to a conservative strategy (CON) of OMT, with cardiac catheterization and revascularization reserved for those who fail OMT.

SPECIFIC AIMS

A. Primary Aim The primary aim of the ISCHEMIA trial is to determine whether an initial invasive strategy of cardiac catheterization followed by optimal revascularization, if feasible, in addition to OMT, will reduce the primary composite endpoint of cardiovascular death, nonfatal myocardial infarction, resuscitated cardiac arrest, or hospitalization for unstable angina or heart failure in participants with SIHD and moderate or severe ischemia over an average follow-up of approximately 3.5 years compared with an initial conservative strategy of OMT alone with catheterization reserved for failure of OMT.

B. Secondary Aims Secondary aims are to determine whether an initial invasive strategy compared to a conservative strategy will improve: 1) the composite of CV death or MI; 2) angina symptoms and quality of life, as assessed by the Seattle Angina Questionnaire; 3) all-cause mortality; 4) net clinical benefit assessed by including stroke in the primary and secondary composite endpoints; and 5) individual components of the composite endpoints.

Condition: Coronary Disease Procedure: Coronary CT Angiogram Procedure: Cardiac catheterization Phase: Phase III per NIH

Condition: Cardiovascular Diseases Procedure: Angioplasty, Transluminal, Percutaneous Coronary, other catheter-based interventions Phase: Phase III per NIH

Condition: Heart Diseases Procedure: Coronary Artery Bypass Surgery Phase: Phase III per NIH",https://clinicaltrials.gov/study/NCT01471522
"Study of Nivolumab Versus Placebo in Combination With Neoadjuvant Chemotherapy and Adjuvant Endocrine Therapy in Participants With High-risk, Estrogen Receptor-Positive (ER+), Human Epidermal Growth Factor Receptor 2-Negative (HER2-) Primary Breast Cancer","A randomized multi-arm study evaluating the efficacy and safety of nivolumab versus placebo in combination with neoadjuvant (pre-surgery) chemotherapy and adjuvant (post-surgery) endocrine therapy in participants with high-risk, estrogen receptor-positive, human epidermal growth factor receptor 2-negative (ER+, HER2-) early stage breast cancer.",https://clinicaltrials.gov/study/NCT04109066
Combination Chemotherapy With or Without Trastuzumab in Treating Women With Breast Cancer,"Primary objective:

* Compare disease-free survival in women with human epidermal growth factor receptor 2 (HER2)-neu-expressing node-positive or high-risk node-negative operable breast cancer treated with adjuvant doxorubicin, cyclophosphamide, and docetaxel with or without trastuzumab (Herceptin) vs trastuzumab, docetaxel, and carboplatin.

Secondary objective:

* Compare overall survival of participants treated with these regimens.
* Compare the toxic effects (including cardiac) of these regimens in these participants.
* Compare quality of life of participants treated with these regimens.
* Compare pathologic and molecular markers for predicting efficacy of these regimens in these participants.
* For substudy: Compare peripheral levels of shed HER2-neu extracellular domain with fluorescence in situ hybridization in predicting outcome in participants treated with these regimens.",https://clinicaltrials.gov/study/NCT00021255
A Phase Ib/II Study of LGX818 in Combination With MEK162 in Adult Patients With BRAF Dependent Advanced Solid Tumors,"This is a multi-center, open-label, dose finding, Phase Ib dose escalation study to estimate the MTD(s) and/or RP2D(s) for the dual combination of LGX818 and MEK162 and the triple combination of LGX818 and MEK162 and LEE011, followed each independently by a Phase II part to assess the clinical efficacy and to further assess the safety of the combinations in selected patient populations. Oral LGX818 and MEK162 will be administered on a continuous schedule. Oral LEE011 will be administered once daily on a three weeks on, one week off schedule. Patients will be treated until progression of disease, unacceptable toxicity develops, or withdrawal of informed consent, whichever occurs first. A cycle is defined as 28 days. The dose escalation parts of the trial will be conducted in adult patients with BRAF V600-dependent advanced solid tumors and is expected to enroll at least 18 patients for the dual combination and at least 12 patients for the triple combination. The dose escalation will be guided by a Bayesian logistic regression model (BLRM). Following MTD/RP2D declaration, patients will be enrolled in three Phase II arms for the dual combination and one Phase II arm for the triple combination. All patients will be followed for 30 days for safety assessments after study drugs discontinuation. All patients enrolled in the Phase II part of the study will be followed for survival.",https://clinicaltrials.gov/study/NCT01543698
Palbociclib Combined With an Aromatase Inhibitor in Breast Cancer,"Pfizer's innovative drug palbociclib (trade name: Ibrance®) got China National Drug Administration (CNDA) approval on July 31, 2018. Palbociclib combined with an aromatase inhibitor can be used to treat hormone receptor-positive/human epidermal growth factor receptor 2-negative locally advanced breast cancer or metastatic breast cancer. This brings more treatment options for hormone receptor-positive/human epidermal growth factor receptor 2-negative locally advanced breast cancer. How to scientifically evaluate the efficacy, tolerability, and safety of palbociclib combined with an aromatase inhibitor and to establish a more suitable treatment strategy for Chinese patients is one of the questions that need to be answered in clinical practice. This multi-center parallel-group randomized controlled trial will address on this issue.",https://clinicaltrials.gov/study/NCT04047758
"A Study of Izalontamab Brengitecan Versus Chemotherapy in Participants With Previously Untreated, Locally Advanced, Recurrent Inoperable, or Metastatic Triple-negative Breast Cancer Ineligible for Anti-PD(L)1 Drugs (IZABRIGHT-Breast01)","The purpose of this study is to assess the efficacy and safety of iza-bren, a bi-specific antibody-drug conjugate against EGFR and HER3 with a topoisomerase inhibitor payload versus treatment of physician's choice (TPC) (paclitaxel, nab-paclitaxel, carboplatin plus gemcitabine, and capecitabine) for the treatment of first-line metastatic triple-negative breast cancer (TNBC) or estrogen receptor (ER)-low, human epidermal growth factor receptor 2 (HER2)-negative BC patients who are not candidates for anti-PD(L)1 therapy and endocrine therapies.",https://clinicaltrials.gov/study/NCT06926868
NEODOXy: Targeting Breast Cancer Stem Cells With Doxycycline,"Despite modern surgical and medical treatments, breast cancer can re-occur and lead 20% of patients to death. During the last 20 years, pre-clinical studies have shown that treatment failures may be due to the presence of a sub-type of cancer cells, the cancer stem cells, which are resistant to chemotherapy and radiotherapy. By chance, doxycycline, an old, inexpensive and safe molecule seems to target effectively these cancer stem cells. This study proposes to check for the clinical efficacy of doxycycline to target the cancer stem cells and improve the response to neoadjuvant chemotherapy in ER+/HER2- breast cancers.",https://clinicaltrials.gov/study/NCT06452394
Long-term Outcome of HER2-amplified Metastatic Breast Cancer: A Retrospective Analysis,The aim of this study is to analyze cases of human epidermal growth factor receptor (HER) 2-positive metastatic breast cancer (MBC) of the last 10 years at the University Hospital of Zurich to assess the efficacy of the treatment with trastuzumab in HER2-positive MBC and to find out associations between different variables and the outcome. The aim is to find out probable prognostic factors and patterns of disease progression. Prognostic factors could optimize treatment approaches and result in a delay of disease progression.,https://clinicaltrials.gov/study/NCT02560311
Tumor-agnostic Precision Immuno-oncology and Somatic Targeting Rational for You (TAPISTRY) Platform Study,"TAPISTRY is a Phase II, global, multicenter, open-label, multi-cohort study designed to evaluate the safety and efficacy of targeted therapies or immunotherapy as single agents or in rational, specified combinations in participants with unresectable, locally advanced or metastatic solid tumors determined to harbor specific oncogenic genomic alterations or who are tumor mutational burden (TMB)-high as identified by a validated next-generation sequencing (NGS) assay. Participants with solid tumors will be treated with a drug or drug regimen tailored to their NGS assay results at screening. Participants will be assigned to the appropriate cohort based on their genetic alteration(s). Treatment will be assigned on the basis of relevant oncogenotype, will have cohort-specific inclusion/exclusion criteria, and, unless otherwise specified, will continue until disease progression, loss of clinical benefit, unacceptable toxicity, participant or physician decision to discontinue, or death, whichever occurs first.",https://clinicaltrials.gov/study/NCT04589845
"A Study to Learn More About How Well Sevabertinib (BAY 2927088) Works and How Safe it is Compared With Standard Treatment, in Participants Who Have Advanced Non-small Cell Lung Cancer (NSCLC) With Mutations of the Human Epidermal Growth Factor Receptor 2 (HER2)","Researchers are looking for a better way to treat people who have advanced non-small cell lung cancer (NSCLC) with specific genetic changes called human epidermal growth factor receptor 2 (HER2) mutations.

Advanced NSCLC is a group of lung cancers that have spread to nearby tissues or to other parts of the body or that are unlikely to be cured or controlled with currently available treatments. HER2 is a protein that helps cells to grow and divide. A damage (also called mutation) to the building plans (genes) for this protein in cancer cells leads to a production of abnormal HER2 and therefore abnormal cell growth and division.

The study treatment, BAY 2927088, is expected to block the mutated HER2 protein which may stop the spread of NSCLC.

The main purpose of this study is to learn how well BAY 2927088 works and how safe it is compared with standard treatment, in participants who have advanced NSCLC with specific genetic changes called HER2 mutations.

The study participants will receive one of the study treatments:

* BAY 2927088 twice every day as a tablet by mouth, or
* Standard treatment in cycles of 21 days via infusion (""drip"") into the vein. The treatment will continue for as long as participants benefit from it without any severe side effects or until they or their doctor decide to stop the treatment.

During the study, the doctors and their study team will:

* take imaging scans, including CT, PET, MRI, and X-rays, of different parts of the body to study the spread of cancer
* check the overall health of the participants by performing tests such as blood and urine tests, and checking
* heart health using an electrocardiogram (ECG)
* perform pregnancy tests for women
* ask the participants questions about how they are feeling and what adverse events they are having.

An adverse event is any medical problem that a participant has during a study. Doctors keep track of all adverse events, irrespective if they think it is related or not to the study treatment.",https://clinicaltrials.gov/study/NCT06452277
Study of Sotatercept in Newly Diagnosed Intermediate- and High-Risk PAH Participants (MK-7962-005/A011-13),"The objective of this study is to evaluate the effects of sotatercept (MK-7962, formerly called ACE-011) treatment (plus background pulmonary arterial hypertension (PAH) therapy) versus placebo (plus background PAH therapy) on time to clinical worsening (TTCW) in participants who are newly diagnosed with PAH and are at intermediate or high risk of disease progression.",https://clinicaltrials.gov/study/NCT04811092
"Effectiveness and Safety of Ramipril Alone Compared With Telmisartan Alone and in Combination With Ramipril in Patients at High Risk for Cardiovascular Events. Patients Intolerant to Ramipril Were Entered in TRANSCEND, Telmisartan Compared to Placebo.","The Ongoing Telmisartan Alone and in combination wiht Ramipril Global Endpoint trial (ONTARGET): The primary objectives are to determine if (a) telmisartan 80mg daily and ramipril 10mg daily combination therapy is more effective in reducing the composite endpoint of Cardiovascular Death (CV) death, Myocardial infarction (MI), stroke or hospitalization for Congestive Heart Failure (CHF) compared with ramipril 10mg alone; and (b) telmisartan 80mg daily is at least as effective as (i.e. not less effective than) ramipril 10mg daily, on this endpoint.

Telmisartan Randomised Assessment Study in Angiotension converting Enzyme inhibitor intolerant subjects with Cardiovascular Disease. (TRANSCEND): The primary objective of the study is to determine if treatment with telmisartan 80mg daily is superior to placebo reducing the composite endpoint of Cardiovascular Death (CV), Myocardial Infarction ( MI)I, stroke or hospitalization for Congestive Heart Failure (CHF) in patients who are intolerant to Angiotension Converting Enzyme inhibitors.",https://clinicaltrials.gov/study/NCT00153101
Osimertinib for NSCLC With Uncommon EGFR Mutations,"This is a multi-center, retrospective study of ucEGFRmut (exon 20 insertions excluded) metastatic NSCLC osimertinib-treated as first EGFR inhibitor. RECIST and RANO-BM brain objective response rate (ORR) were evaluated by investigators. mPFS, mOS and mDOR were calculated from osimertinib initiation. Mutations found at resistance were collected.",https://clinicaltrials.gov/study/NCT05421936
Real-life Pan-HER-blockade With Neratinib,"So far, there is no data available on treatment of patients with early-stage hormone receptor (HR) positive, human epidermal growth factor receptor 2 (HER2)-overexpressed/amplified breast cancer, who completed adjuvant trastuzumab-based therapy less than one year ago, in the clinical routine setting.

ELEANOR - designed as a prospective, longitudinal, non-interventional study (NIS) - will investigate real-world use of neratinib and its treatment management in patients with HR-positive, HER2-overexpressing/amplified breast cancer stage I-III having completed adjuvant trastuzumab-based therapy less than one year ago. Data from this study will contribute to a deeper understanding and characterization of the everyday use of neratinib in a broader patient population in the German and Austrian routine setting.",https://clinicaltrials.gov/study/NCT04388384
A Study of Osimertinib With or Without Chemotherapy Versus Chemotherapy Alone as Neoadjuvant Therapy for Patients With EGFRm Positive Resectable Non-Small Cell Lung Cancer,"This is a Phase III, randomised, controlled, 3-arm, multi-centre study of neoadjuvant osimertinib as monotherapy or in combination with chemotherapy, versus SoC chemotherapy alone, for the treatment of patients with resectable EGFRm Non-Small Cell Lung Cancer",https://clinicaltrials.gov/study/NCT04351555
Nephrospec Switzerland,"This is a randomized, double-blind sham-controlled monocentric trial. 30 patients that are diagnosed with hypertension and with moderate to severe chronic kidney disease are included in this trial. 20 of them are randomized into the active treatment arm, 10 into the sham arm. Low-intensity extracorporal shock wave (Li-ESWT) sessions (arm1) or sham sessions (arm2), will be administered with a dedicated probe within three consecutive weeks to the kidneys of patients.The study will add data to the effects of the shock wave treatment on blood pressure and will assess whether this treatment improves renal function, perfusion and oxygenation. The study includes a third arm (arm3) in which treatment sessions are administered to patients that were in the placebo group in the first phase of the study (arm2).",https://clinicaltrials.gov/study/NCT06194591
"Prevalence, Incidence and Risk Signature of Chronic Kidney Disease in Sub-Saharan Africa","Chronic kidney disease (CKD) is associated with increased cardiovascular morbidity and mortality. The prevalence of CKD is increasing worldwide and is assumed to also dramatically increase in Sub-Saharan Africa (SSA). Key shortcomings of available data on CKD in SSA are as follows: (i) Available data are based on single measurements and, therefore, cannot distinguish between harmless transient deterioration in kidney function and chronic kidney damage; (ii) Accurate information regarding renal protein loss, an important and early marker of kidney disease, is lacking; (iii) Cardiovascular risk factors for CKD, such as obesity, hypertension and diabetes, are often not searched for. Likewise non-classic potential risk factors, such as endemic infectious diseases, socioeconomic status and lifestyle have not been consistently recorded; (iv) Information to interrogate linked interaction over time between risk factors and development of CKD is unavailable. With this project, situated in a region representative of semi-rural SSA, we aim to fill this knowledge gap and (i) establish guideline conform prevalence data of CKD and its major cardiovascular risk factors, as well as (ii) prospectively define the incidence of cardiovascular- and non-classic risk factors of CKD. The data from (i) and (ii) is used to develop predictive models. A prospective cohort of 1200 individuals in a primary care facility will serve as study population. The population is representing a society in transition from rural to more urban lifestyle. In the pilot study, participants will be followed for one years and undergo the clinical and biomedical testing required to capture CKD and its classic and non-classic risk factors over time.",https://clinicaltrials.gov/study/NCT05881447
Effect of Sotagliflozin on Cardiovascular Events in Participants With Type 2 Diabetes Post Worsening Heart Failure (SOLOIST-WHF Trial),"Primary Objective:

To compare the effect of sotagliflozin to placebo on the total occurrences of cardiovascular (CV) death, hospitalization for heart failure (HHF), and urgent visit for heart failure (HF) in hemodynamically stable participants after admission for worsening heart failure (WHF)

Secondary Objectives:

To compare the effects of sotagliflozin to placebo on:

* The total occurrences of HHF and urgent visit for HF
* The occurrence of CV death
* The occurrence of all-cause mortality
* The total occurrences of CV death, HHF, urgent visit for HF, non-fatal myocardial infarction (MI), and non-fatal stroke
* Change in Kansas City Cardiomyopathy Questionnaire-12(KCCQ-12) score
* Change in estimated glomerular filtration rate (eGFR)",https://clinicaltrials.gov/study/NCT03521934
Savolitinib Plus Osimertinib Versus Platinum-based Doublet Chemotherapy in Participants With Non-Small Cell Lung Cancer Who Have Progressed on Osimertinib Treatment,"Clinical study to investigate the efficacy and safety of savolitinib in combination with osimertinib versus platinum-based doublet chemotherapy in participants with EGFR mutated, MET-overexpressed and/or amplified, locally advanced or metastatic NSCLC who have progressed on treatment with Osimertinib.",https://clinicaltrials.gov/study/NCT05261399
Rescue of Nephrons With ALE.F02 (RENAL-F02),"The goal of this clinical trial is to learn if a new drug that might help protect and preserve kidney function in antineutrophil cytoplasmic antibody (ANCA) associated vasculitis (AAV). AAV is a type of autoimmune disease where the body's own immune system attacks itself, and in the case of AAV the body attacks its own small blood vessels. There are many small blood vessels in the kidneys meaning the kidneys are commonly affected in AAV.

The main questions it aims to answer are:

* Is the new drug well tolerated and safe?
* Can the new drug protect and preserve kidney functions when is added to standard therapy?

Researchers will compare the following groups to see how the new drug is tolerated and what effect to preserve kidney tissue has:

* Group A: Standard treatment + ALE.F02 low dose infusions
* Group B: Standard treatment + ALE.F02 high dose infusions
* Group C: Standard treatment + ALE.F02 maximum dose infusions
* Group D: Standard treatment + placebo infusions (inactive substance)

The Treatment period will consist of 24 weeks beginning on Day 1, during which time participants will receive 13 infusions of the study medicine, along with standard therapy for kidney inflammation due to AAV. During the treatment period, participants will have the following assessments:

* A brief physical examination focusing on their skin any pre-existing medical conditions that you have.
* Collection of blood and urine samples for routine safety tests and to assess renal function.
* Collection of blood samples:

  * To measure the amount of study medicine in their blood. This is called pharmacokinetics (PK) and it is tested to see how study medicine enters, moves through, and exits the body.
  * To test for antidrug antibodies (ADA). To check if their body create antibodies against the study medicine, as this could reduce its effect.
  * To measure biomarkers. Biomarkers are specific compounds in the body (can be protein, hormones, or genetic molecules) that indicate normal or abnormal processes taking place in your body and may be a sign of an underlying condition or disease (for example glucose levels are used as biomarker in managing diabetes). They are used to see how well the body responds to a treatment for a disease or condition.
* Collection of urine to measure urine markers of vasculitis/inflammation called biomarkers.
* Urine pregnancy test. A urine pregnancy test is a quick medical test that can tell if a woman is pregnant or not by checking for a hormone which is produced during pregnancy, usually in the urine.
* Chest High Resolution Computed Tomography (HRCT) scan to check whether they have vasculitis affecting their lungs. A CT scan uses special x-ray equipment to take detailed pictures of body tissues and organs to diagnose and monitor conditions in various parts of the body. For the CT scan, they will need to lie still on a table. At Week 24 a second lung CT scan will be performed for participants whose initial scan showed lung vasculitis to see whether your lung vasculitis is getting better or ongoing/worse.",https://clinicaltrials.gov/study/NCT06047171
A Study to Learn About the Study Medicine PF-07220060 Together With Letrozole Compared to Letrozole Alone in Women Post Menopause,"The purpose of this study is to learn about the effects of the study medicine PF-07220060 plus letrozole, compared with the effects of taking letrozole alone without PF-07220060 for treatment of breast cancer.

This study is seeking for participants who are:

* women of age 18 years and older post menopause (either naturally or surgically).
* confirmed to have Hormone receptor (HR) positive, Human epidermal growth factor receptor 2 (HER2) negative breast cancer. HER2 negative describes cells that have a small amount or none of a protein called HER2 on their surface. In normal cells, HER2 helps control cell growth. Cancer cells that are HER2 negative may grow more slowly and are less likely to recur (come back) or spread to other parts of the body than cancer cells that have a large amount of HER2 on their surface.
* not been treated for their cancer before this study.

Participants will be randomly assigned (like flipping a coin) to receive the treatment (PF-07220060 plus letrozole) or letrozole alone. Both PF-07220060 and letrozole are taken by mouth. PF-07220060 will be taken twice a day for 14 days. Letrozole will be taken once a day for 14 days.

Participants will have a screening period for up to 28 days. If deemed fit, they will receive study treatment for 14 days, and then will have a follow-up visit about 28 days after their last dose.

All participants will have at least one biopsy during the study. Biopsy is the removal of cells or tissues for examining. All participants will have a biopsy on Day 14.

Additional assessments for safety including blood draws and interviews done by the site staff will be completed during the study.",https://clinicaltrials.gov/study/NCT06465368
Postoperative Radiotherapy Plus Iressa or Radiotherapy Plus Cisplatin and Iressa for Advanced Head & Neck Cancer,To evaluate the feasibility and safety of (cohort 1) postoperative standard fractionation radiotherapy plus Iressa and of (cohort 2) hyperfractionated radiotherapy plus cisplatin and Iressa,https://clinicaltrials.gov/study/NCT00681967
Reaching for Evidence-baSed Chemotherapy Use in Endocrine Sensitive Breast Cancer,Systematic assessment of survival data of patients who have been tested with EndoPredict®; prospective proof that patients with low risk classification by EndoPredict® (EPclin) can safely forgo chemotherapy and be treated with endocrine therapy alone.,https://clinicaltrials.gov/study/NCT03503799
A Study to Learn More About How Well Treatment With Sevabertinib (BAY 2927088) Tablets Works and How Safe it is in Participants Who Have a Solid Tumor With Mutations of the Human Epidermal Growth Factor Receptor 2 (HER2),"Researchers are looking for a better way to treat people who have solid tumors with HER2-activating mutations. Before a treatment can be approved for people to take, researchers do clinical trials to better understand its safety and how it works.

In this trial, the researchers want to learn how well BAY2927088 (sevabertinib) works in people with different types of solid tumors with HER2 mutations. These include tumors in the colon or rectum, the uterus and the cervix (lower part of the uterus), the breast, the bladder, and the biliary tract (includes gall bladder and bile ducts) as well as other types of solid tumors with the exception of people with advanced non-small cell lung cancer (NSCLC).

Solid tumors may have specific changes or mutations to a gene called human epidermal growth receptor-2 (HER2). This leads to the formation of an abnormal form of HER2 protein in the cancer cells, resulting in increased cell growth. The study treatment, BAY2927088, is expected to block the abnormal HER2 protein which may stop the spread of cancer.

The trial will include about 111 participants who are at least 18 years old. All the participants will take 20 mg of BAY2927088 as tablets by mouth.

The participants will take treatments in 3-week periods called cycles. These 3-week cycles will be repeated throughout the trial. The participants can take BAY2927088 until their cancer gets worse, until they have medical problems, or until they leave the trial.

During the trial, the doctors will take imaging scans of different parts of the body to study the spread of cancer and will check heart health using echocardiogram or cardiac magnetic resonance imaging (MRI) and electrocardiogram (ECG). The doctors will also take blood and urine samples and do physical examinations to check the participants' health. They will ask questions about how the participants are feeling and if they have any medical problems.",https://clinicaltrials.gov/study/NCT06760819
"A Trial to Learn More About How BAY2327949 Works and How Safe it is in Patients Whose Kidneys Are Damaged Due to High Blood Sugar Levels or High Blood Pressures, and With a Further Disease of the Heart or the Blood Vessels.","In people with type 2 diabetes (T2D), the body makes insulin, but cannot use it well. This results in high blood sugar levels causing damage to the blood vessels inside the kidneys.

High blood pressure is a common condition that can cause damage to the blood vessels and heart if it is untreated. High blood pressure is also known as hypertension.

Patients with type 2 diabetes (T2D) or high blood pressure are at a higher risk of having chronic kidney disease (CKD). In people with CKD, the kidneys become damaged and do not work as they should. Over time, the function of the kidney declines more, and this can lead to the requirement for dialysis or kidney transplantation. Most people with CKD are also at risk of heart conditions, such as heart attack or stroke.

In this trial, the researchers want to learn if BAY2327949 reduces the amount of protein in the participants' urine. Protein in the urine is one of the signs of CKD. The researchers will compare the effects of BAY2327949 to a placebo. A placebo looks like the study drug but does not have any medicine in it. BAY2327949 is assumed to increase the blood flow through the kidneys, which may slow down the worsening of the disease. The researchers will use a placebo to learn if the changes seen in the participants are due to BAY2327949 or if the results could be due to chance.

This trial will include about 120 men and women over the age of 45 who have CKD. The participants will have T2D or high blood pressure, and a further disease of the heart or blood vessels.

During the trial, the participants will take either BAY2327949 or a placebo once a day for 28 days. The participants will visit their trial site about 9 times during the trial, and need to provide urine samples to check the participants' CKD symptoms. At the visits, the doctors will ask them if they have any health problems. They will also take blood samples to perform laboratory assessments.",https://clinicaltrials.gov/study/NCT04661917
Global rEgistry on decongestioN Therapy Using Less invasivE UltraFiltration,"In patients with advanced volume overload, minimally invasive ultrafiltration treatment in the acute phase can have a positive effect on clinical outcome. The aim is to collect treatment data in the context of a prospective registry of the safety and performance of minimally invasive ultrafiltration. The data will be recorded via an electronic case report form (eCRF); the eCRF runs on a server located in Germany and complies with current data protection regulations. It is intended to include about 300-500 patients with advanced volume overload at a minimum of 10 sites. In addition, data on a disease management programme (in-body measurement and home monitoring) will be recorded in up to 40 of these patients. The treatment data from each patient will be recorded over 12 months. An interim analysis will be performed after 150 patients have been observed for 6 months. The knowledge about ultrafiltration in volume overload obtained from the registry, in some cases in combination with a disease management programme, is intended to improve the body of evidence. In addition, the data will be used for hypothesis generation.",https://clinicaltrials.gov/study/NCT02769351
Study of Radium-223 Dichloride in Combination With Exemestane and Everolimus Versus Placebo in Combination With Exemestane and Everolimus in Subjects With Bone Predominant HER2 Negative Hormone Receptor Positive Metastatic Breast Cancer,"The objective of this study is to assess efficacy and safety of radium 223 dichloride in subjects with human epidermal growth factor receptor 2 (HER2) negative hormone receptor positive breast cancer with bone metastases treated with exemestane and everolimus

After implementation of CSP Amendment 10, only a limited number of subjects will remain in this study, in order to reduce the burden to study subjects, collection of data will be reduced and will focus mainly on acute safety, SSE, and OS. Once subjects are rolled over, the long-term safety will be collected and assessed entirely in the separate extended safety follow-up study.",https://clinicaltrials.gov/study/NCT02258451
Long-term Outcomes After Hypothermic Oxygenated Machine Perfusion of Donor Livers Using Real-world Data,"End-ischemic hypothermic oxygenated machine perfusion (HOPE) of human donor livers mitigates ischemia-reperfusion injury, resulting in a reduction of post-reperfusion syndrome, early allograft dysfunction and biliary complications, when compared with static cold storage. According to IDEAL-D (Idea, Development, Exploration, Assessment, Long term study-Framework for Devices), with several published randomized controlled trials on short-to-medium term outcomes, scientific evidence for HOPE has currently reached stage 3. Assessment of long-term outcomes after HOPE preservation based on real-world data (i.e., IDEAL-D stage 4) is currently still lacking. Therefore, we aim to conduct an international, multi-center, retrospective, observational cohort study to assess long-term outcomes after transplantation of donor livers preserved by hypothermic oxygenated machine perfusion (HOPE).",https://clinicaltrials.gov/study/NCT05520320
"Study to Test How Well Patients With Advanced Solid Tumors Respond to Treatment With the Elimusertib in Combination With Pembrolizumab, to Find the Optimal Dose for Patients, How the Drug is Tolerated and the Way the Body Absorbs, Distributes and Discharges the Drug","The purpose of the study is to test how well patients with advanced solid tumors respond to treatment with elimusertib (BAY1895344) in combination with pembrolizumab. In addition researchers want to find for patients the optimal dose of elimusertib in combination with pembrolizumab, how the drug is tolerated and the way the body absorbs, distributes and discharges the drug. The study medication, elimusertib, works by blocking a substance (ATR Kinase) which is produced by the body and is important for the growth of tumor cells. Pembrolizumab is an immunologic checkpoint blocker that promotes an immune response against the tumor.",https://clinicaltrials.gov/study/NCT04095273
Study of Efficacy and Safety of Nivolumab in Combination With EGF816 and of Nivolumab in Combination With INC280 in Patients With Previously Treated Non-small Cell Lung Cancer,To determine the efficacy and safety of nivolumab in combination with EGF816 and of nivolumab in combination with INC280 in previously treated NSCLC patients,https://clinicaltrials.gov/study/NCT02323126
The RECOVER IV Trial,The purpose of this study is to assess whether hemodynamic support with an Impella-based treatment strategy initiated prior to percutaneous coronary intervention (PCI) in patients with ST-Segment Elevation Myocardial Infarction (STEMI)-Cardiogenic Shock (CS) improves survival and functional outcomes compared to a non-Impella-based treatment strategy.,https://clinicaltrials.gov/study/NCT05506449
Prevalence of Chronic Kidney Disease (CKD) and Risk Factors in Sub-Saharan Africa,"Prospective cross-sectional study at the outpatient clinic (OPC) of the Bagamoyo District Hospital (BDH) in Tanzania. Assessment of basic epidemiological data (Point prevalence and risk factors) on CKD with simple clinical, laboratory tests and the patients history. After informed consent blood samples are taken for complete blood count, serum creatinine, HbA1c, HIV-Screening, and urine samples for dipstick, urine sediment, and albumin-creatinine ratio. Further, office blood pressure, weight and height are taken. Further, patients history are asked by a questionnaire (i.e.history of infectious and cardiovascular diseases and basic demographic data: i.e. sex, age).

CKD is defined as the presence of either impaired kidney function and/or albuminuria based on a one-time measurement.

Primary outcome of the study are prevalence rates of CKD and the impact of non-communicable and communicable disorders on CKD.",https://clinicaltrials.gov/study/NCT03458338
Study of Efficacy and Safety of Iptacopan in Participants With IC-MPGN,"This study is designed as a multicenter, randomized, double-blind, parallel group, placebo-controlled study to evaluate the efficacy and safety of iptacopan (LNP023) in idiopathic immune complex mediated membranoproliferative glomerulonephritis.",https://clinicaltrials.gov/study/NCT05755386
A Study of Tiragolumab in Combination With Atezolizumab Compared With Placebo in Combination With Atezolizumab in Patients With Previously Untreated Locally Advanced Unresectable or Metastatic PD-L1-Selected Non-Small Cell Lung Cancer,"The purpose of the study is to evaluate the efficacy and safety of tiragolumab plus atezolizumab compared with placebo plus atezolizumab in participants with previously untreated locally advanced, unresectable or metastatic PD-L1-selected non-small cell lung cancer (NSCLC), with no epidermal growth factor receptor (EGFR) mutation or anaplastic lymphoma kinase (ALK) translocation. Eligible participants will be randomized in a 1:1 ratio to receive either tiragolumab plus atezolizumab or placebo plus atezolizumab.",https://clinicaltrials.gov/study/NCT04294810
Anti-EGFR Immunoliposomes in Solid Tumors,"Background: Site-specific delivery of anti-cancer therapeutics is paramount for both reducing nonspecific toxicities and increasing efficacy of chemotherapeutic agents. Due to their small molecular size and nonspecific mechanisms of action, most conventional chemotherapies result in significant toxicities that limit the effectiveness of treatment and reduce the overall quality of life for cancer patients. Encapsulation of these toxic agents inside lipid-based carrier systems (so-called liposomes) results in passive targeting of the compounds to solid tumors. The preferential delivery of liposomal drugs to solid tumors is mostly due to altered barrier-properties of tumor-associated vessels. This results in both an improved delivery and at the same time a significantly milder toxicity profile. Recently, the specificity of delivery was further increased by attaching monoclonal antibodies or antibody fragments to the surface of liposomes (=immunoliposomes, antibody-linked nanoparticles). Antibody-coated immunoliposomes attach more selectively to antigens expressed on the target cells and they are internalized more efficiently. Furthermore, there is evidence that drug resistance, a major challenge in cancer treatment, may be overcome by such delivery systems. A logical and accessible target, such as EGFR, is overexpressed on a variety of primary human cancer cells and it is involved in signaling pathways that contribute both to tumor initiation and tumor progression. Recently, the investigators have tested immunoliposomes against the epidermal growth factor receptor (EGFR) in a preclinical setting. Based on the preclinical results we have initiated this phase I clinical trial.

Study hypothesis: The investigators hypothesize that anti-EGFR-immunoliposomes selectively deliver cytotoxic compounds to EGFR-overexpressing tumors cells. Specific delivery is supposed to increase efficacy while reducing side-effects of the compound. The primary objective of this phase 1 trial is the determination of the maximum tolerated dose (MTD) for future phase 2 trials of this nanoparticle.",https://clinicaltrials.gov/study/NCT01702129
Efficacy and Safety of Finerenone in Subjects With Type 2 Diabetes Mellitus and Diabetic Kidney Disease,"The primary objective of this study was to demonstrate whether, in addition to standard of care, finerenone is superior to placebo in delaying the progression of kidney disease, as measured by the composite endpoint of time to first occurrence of kidney failure, a sustained decrease of estimated glomerular filtration rate (eGFR) ≥40% from baseline over at least 4 weeks, or renal death.",https://clinicaltrials.gov/study/NCT02540993
Doxorubicin-loaded Anti-EGFR-immunoliposomes (C225-ILs-dox) in High-grade Gliomas,"Anti-EGFR-immunoliposomes loaded with doxorubicin (C225-ILs-dox) are given intravenously in patients with relapsed or refractory high-grade gliomas.

The pharmacokinetics of C225-ILs-dox in peripheral blood (PB), cerebro-spinal fluid (CSF) and resected tumour tissue will be assessed.",https://clinicaltrials.gov/study/NCT03603379
Impact of COVID-19 Outbreak on Non-COVID-19 Patients,"The Geneva Canton organized the health crisis of the COVID-19 epidemic around the care of COVID patients at the University Hospital (HUG), by moving the care of non-COVID patients to private hospitals of the canton. The COVID epidemic appears to have been associated with a decrease in consultations and care for non-COVID patients. An excess of morbidity and mortality (non-COVID) would be possible during or after the epidemic in connection with this ""under-medicalization"" of non-COVID patients.

The aim of this study is to measure and analyze the impact on the morbidity and mortality of inpatients during and after the COVID-19 epidemic in the adult inpatient wards of HUG and township hospitals / clinics.",https://clinicaltrials.gov/study/NCT04537559
aHUS Observational Long Term Follow-Up,There is growing but limited information on the long term clinical status of aHUS patients who have previously received or are continuing to receive treatment with eculizumab. This study is designed to collect clinical data that will provide insight into the long-term outcomes of patients with aHUS.,https://clinicaltrials.gov/study/NCT01522170
Implementing Geriatric Assessment for Dose Optimization of Cyclin-dependent Kinase (CDK) 4/6-inhibitors in Older Breast Cancer Patients,"IMPORTANT study is a multicenter, open-label, prospective, randomized-controlled, non-inferiority trial with a pragmatic approach involving older patients (≥ 70 years old) with advanced hormone receptor (HR)-positive/human epidermal growth factor receptor 2 (HER2)-negative breast cancer, not amenable for curative treatment and without prior therapy for advanced disease, who are suitable to receive CDK 4/6-inhibitors plus endocrine therapy as first line therapy. The study implements two approaches with high level of evidence, namely the use of comprehensive geriatric assessment (CGA) approach in treatment decision making and the use of CDK 4/6-inhibitors as the initial treatment of choice, to investigate whether a common clinical practice (starting dose reduction of CDK 4/6-inhibitors in older patients) with evidence of low certainty can be standardized using a more individualized-based approach.

On the basis of baseline CGA assessment, patients will either receive full dose of CDK 4/6-inhibitors plus endocrine therapy (if patients are fit according to CGA) or be randomized to full dose vs. reduced initial dose of CDK 4/6-inhibitors (if vulnerable or frail according to CGA). The study hypothesis is that adjusting the dose according to vulnerability will allow patients to tolerate treatment better without jeopardizing the treatment efficacy.

This project has received funding from the European Union's HORIZON 2022 research and innovation actions supporting the implementation of the Mission on Cancer under grant agreement No 101104589.",https://clinicaltrials.gov/study/NCT06044623
Biomarker-guided Intervention to Prevent Acute Kidney Injury,"There is no specific therapy for acute kidney injury. It is presumed that supportive measures improve the care and outcome of patients with acute kidney injury. The investigators hypothesize that the implementation of a bundle of supportive measures adapted to patients undergoing major surgery reduces the occurrence of AKI.

This randomized prospective multicenter trial is needed to investigator whether the implementation of the bundle of measures is effective to prevent AKI in high risk patients undergoing major surgery.",https://clinicaltrials.gov/study/NCT04647396
Factor XA - Inhibition in RENal Patients With Non-valvular Atrial Fibrillation - Observational Registry,"The multicenter registry will collect clinical data from 1600 patients with non valvular atrial fibrillation (NVAF) and chronic kidney disease (eGFR 15-49 mL/min per 1.73 m2).

The overall objective of this registry is to assess chronic kidney disease (CKD) progression and clinical outcomes with regard to anticoagulation strategies in NVAF patients with eGFR 15-49 mL/min per 1.73 m2 in routine clinical practice.",https://clinicaltrials.gov/study/NCT02663076
Phase III Study of BKM120/Placebo With Fulvestrant in Postmenopausal Patients With Hormone Receptor Positive HER2-negative Locally Advanced or Metastatic Breast Cancer Refractory to Aromatase Inhibitor,"This study was a multi-center, randomized, double-blind, placebo controlled Phase III study to determine the efficacy and safety of treatment with buparlisib plus fulvestrant versus fulvestrant plus placebo in postmenopausal women with hormone Receptor-positive (HR-positive), human epidermal growth factor receptor 2-negative (HER2-negative), locally advanced or metastatic breast cancer (MBC) whose disease has progressed on or after aromatase inhibitor (AI) treatment.",https://clinicaltrials.gov/study/NCT01610284
A Phase 3 Clinical Trial of CCX168 (Avacopan) in Patients With ANCA-Associated Vasculitis,"The primary objective is to evaluate the efficacy of CCX168 (avacopan) to induce and sustain remission in patients with active anti-neutrophil cytoplasmic antibody (ANCA)-associated vasculitis (AAV), when used in combination with cyclophosphamide followed by azathioprine, or in combination with rituximab.",https://clinicaltrials.gov/study/NCT02994927
"The ""Global Paradise System"" Registry","The GPS Registry is a multi-centre, single-arm, non-interventional (observational) registry. In addition to collecting data from patients treated as per standard clinical practice, the Registry will also regularly collect telemetric Home Blood Pressure (HBP) measurements and Patient Reported Outcome (PRO) data via a standardized quality of life questionnaire. The objective of the GPS Registry is to document the long-term safety and effectiveness of the commercially available Paradise Ultrasound Renal Denervation System when used per its labelling in patients deemed to be candidates for RDN as per physician's assessment.",https://clinicaltrials.gov/study/NCT05027685
Standard vs. Accelerated Initiation of RRT in Acute Kidney Injury (STARRT-AKI: Principal Trial),"The objectives of this trial are to determine whether, in critically ill patients with severe acute kidney injury (AKI), randomization to accelerated initiation of renal replacement therapy (RRT), compared to standard initiation, leads to:

1. Improved survival (primary outcome); and
2. Recovery of kidney function (principal secondary outcome), defined as independence from RRT at 90 days",https://clinicaltrials.gov/study/NCT02568722
Osimertinib and Locally Ablative Radiotherapy in Patients With Synchronous Oligo-metastatic EGFR Mutant NSCLC (STEREO),"STEREO is single-arm phase II study, which aims to evaluate the safety and efficacy of osimertinib combined with early locally ablative radiotherapy of all cancer sites in patients with synchronous oligo-metastatic (primary tumour and maximum 5 metastases) EGFR-mutant (exon 19 deletion or exon 21 L858R) NSCLC. Eradication of all macroscopic cancer sites at the time of primary diagnosis by combined modality treatment is expected to decrease the risk of resistance development with only microscopic disease potentially remaining. This will result in an improvement of PFS and OS without added high-grade toxicity.",https://clinicaltrials.gov/study/NCT04908956
Fibrosis Lessens After Metabolic Surgery,"Metabolic dysfunction-associated steatotic liver disease (MASLD), formerly known as non-alcoholic fatty liver disease (NAFLD), a major global public health concern, is commonly associated with obesity, diabetes, and dyslipidemia. MASLD is currently the most common cause of chronic liver disease affecting about 80% of people with obesity, ranging from simple fat deposits in the liver to Metabolic Dysfunction-Associated Steatohepatitis (MASH), cellular injury, advanced fibrosis, cirrhosis, or hepatocellular carcinoma. Patients with MASH are also at risk for cardiovascular disease and mortality. There is no universally approved medication for MASH. Weight loss remains the cornerstone of MASH treatment.

Patients meeting the inclusion and exclusion criteria and who give informed consent will be enrolled in the trial and undergo the baseline liver biopsy (if none available). Approximately 120 patients with MASH and liver fibrosis (F1-F4 in baseline liver biopsy) will be randomized in a 1:1 ratio to metabolic surgery or medical treatment (incretin-based therapies ± other medical therapies for MASH) and followed for 2 years at which time a repeat liver biopsy will be performed for the assessment of the primary end point.",https://clinicaltrials.gov/study/NCT06374875
